season,date,home,away,ht_home,ht_away,ft_home,ft_away
2024,2024-05-10,Sarmiento Junin,Instituto Cordoba,0,1,1,2
2024,2024-05-11,Newells Old Boys,Platense,0,0,2,0
2024,2024-05-11,Argentinos JRS,Rosario Central,2,2,3,2
2024,2024-05-11,Huracan,Defensa Y Justicia,1,0,3,1
2024,2024-05-11,Godoy Cruz,Barracas Central,0,0,0,1
2024,2024-05-11,Independiente,Talleres Cordoba,1,1,1,3
2024,2024-05-11,River Plate,Central Cordoba de Santiago,2,0,3,0
2024,2024-05-12,Tigre,Estudiantes L.P.,0,1,0,1
2024,2024-05-12,Deportivo Riestra,San Lorenzo,1,0,1,0
2024,2024-05-12,Belgrano Cordoba,Racing Club,1,3,4,4
2024,2024-05-12,Lanus,Independ. Rivadavia,0,1,0,2
2024,2024-05-12,Atletico Tucuman,Boca Juniors,1,0,1,0
2024,2024-05-13,Gimnasia L.P.,Velez Sarsfield,1,0,3,1
2024,2024-05-14,Union Santa Fe,Banfield,0,0,1,0
2024,2024-05-18,Independ. Rivadavia,Godoy Cruz,0,0,0,0
2024,2024-05-18,River Plate,Belgrano Cordoba,1,0,3,0
2024,2024-05-18,Defensa Y Justicia,Gimnasia L.P.,0,1,1,1
2024,2024-05-18,Instituto Cordoba,Union Santa Fe,1,1,1,1
2024,2024-05-19,Barracas Central,Sarmiento Junin,1,1,1,1
2024,2024-05-19,Platense,Independiente,0,0,0,0
2024,2024-05-19,Banfield,Huracan,0,1,1,1
2024,2024-05-19,Talleres Cordoba,Atletico Tucuman,1,0,2,0
2024,2024-05-19,Central Cordoba de Santiago,Boca Juniors,2,0,2,4
2024,2024-05-20,Estudiantes L.P.,Deportivo Riestra,1,0,2,0
2024,2024-05-20,San Lorenzo,Lanus,0,1,1,1
2024,2024-05-21,Racing Club,Argentinos JRS,1,0,3,0
2024,2024-05-21,Rosario Central,Tigre,0,1,1,1
2024,2024-05-21,Velez Sarsfield,Newells Old Boys,1,0,1,0
2024,2024-05-24,Deportivo Riestra,Rosario Central,0,1,0,2
2024,2024-05-24,Tigre,Racing Club,0,2,0,4
2024,2024-05-25,Belgrano Cordoba,Central Cordoba de Santiago,0,1,2,1
2024,2024-05-25,Lanus,Estudiantes L.P.,0,0,2,1
2024,2024-05-25,Argentinos JRS,River Plate,1,0,1,0
2024,2024-05-25,Newells Old Boys,Defensa Y Justicia,0,0,1,0
2024,2024-05-25,Boca Juniors,Talleres Cordoba,0,0,0,0
2024,2024-05-26,Huracan,Instituto Cordoba,0,0,1,0
2024,2024-05-26,Sarmiento Junin,Independ. Rivadavia,0,0,0,1
2024,2024-05-26,Gimnasia L.P.,Banfield,0,0,3,0
2024,2024-05-26,Independiente,Velez Sarsfield,0,1,1,1
2024,2024-05-27,Union Santa Fe,Barracas Central,1,0,2,0
2024,2024-05-28,Atletico Tucuman,Platense,0,0,1,1
2024,2024-06-01,Racing Club,Deportivo Riestra,0,0,1,0
2024,2024-06-01,Velez Sarsfield,Atletico Tucuman,0,1,1,1
2024,2024-06-01,Belgrano Cordoba,Argentinos JRS,0,0,1,0
2024,2024-06-02,Platense,Boca Juniors,0,0,1,0
2024,2024-06-02,Rosario Central,Lanus,0,1,1,1
2024,2024-06-02,Central Cordoba de Santiago,Talleres Cordoba,1,1,2,4
2024,2024-06-02,River Plate,Tigre,1,1,3,1
2024,2024-06-02,Instituto Cordoba,Gimnasia L.P.,1,1,2,1
2024,2024-06-03,San Lorenzo,Sarmiento Junin,0,0,0,1
2024,2024-06-04,Defensa Y Justicia,Independiente,0,0,0,0
2024,2024-06-04,Estudiantes L.P.,Godoy Cruz,0,1,1,1
2024,2024-06-04,Barracas Central,Huracan,0,1,0,2
2024,2024-06-04,Banfield,Newells Old Boys,0,0,2,0
2024,2024-06-04,Independ. Rivadavia,Union Santa Fe,0,0,0,1
2024,2024-06-12,Godoy Cruz,Rosario Central,1,1,1,1
2024,2024-06-12,Argentinos JRS,Central Cordoba de Santiago,1,0,2,1
2024,2024-06-13,Gimnasia L.P.,Barracas Central,1,0,2,1
2024,2024-06-13,Independiente,Banfield,1,1,2,1
2024,2024-06-13,Deportivo Riestra,River Plate,0,0,2,0
2024,2024-06-13,Tigre,Belgrano Cordoba,1,0,1,1
2024,2024-06-13,Sarmiento Junin,Estudiantes L.P.,0,0,2,0
2024,2024-06-14,Lanus,Racing Club,1,0,2,0
2024,2024-06-14,Newells Old Boys,Instituto Cordoba,0,1,0,2
2024,2024-06-14,Boca Juniors,Velez Sarsfield,0,0,1,0
2024,2024-06-14,Talleres Cordoba,Platense,1,1,2,1
2024,2024-06-15,Union Santa Fe,San Lorenzo,0,1,2,1
2024,2024-06-15,Huracan,Independ. Rivadavia,1,0,1,0
2024,2024-06-15,Atletico Tucuman,Defensa Y Justicia,1,1,1,1
2024,2024-07-18,Argentinos JRS,Tigre,0,1,0,2
2024,2024-07-18,Independ. Rivadavia,Gimnasia L.P.,1,0,1,0
2024,2024-07-19,Instituto Cordoba,Independiente,3,1,3,1
2024,2024-07-19,Barracas Central,Newells Old Boys,0,0,0,1
2024,2024-07-19,Belgrano Cordoba,Deportivo Riestra,0,0,2,1
2024,2024-07-20,Rosario Central,Sarmiento Junin,3,0,4,2
2024,2024-07-20,San Lorenzo,Huracan,1,1,1,1
2024,2024-07-20,Racing Club,Godoy Cruz,2,0,3,0
2024,2024-07-20,Banfield,Atletico Tucuman,1,0,1,1
2024,2024-07-21,River Plate,Lanus,0,0,2,2
2024,2024-07-21,Estudiantes L.P.,Union Santa Fe,0,0,0,0
2024,2024-07-21,Central Cordoba de Santiago,Platense,0,0,0,2
2024,2024-07-21,Velez Sarsfield,Talleres Cordoba,1,0,3,0
2024,2024-07-21,Defensa Y Justicia,Boca Juniors,2,1,2,2
2024,2024-07-23,Deportivo Riestra,Argentinos JRS,0,0,2,0
2024,2024-07-23,Gimnasia L.P.,San Lorenzo,0,1,0,1
2024,2024-07-23,Newells Old Boys,Independ. Rivadavia,0,0,0,0
2024,2024-07-24,Independiente,Barracas Central,0,0,0,0
2024,2024-07-24,Talleres Cordoba,Defensa Y Justicia,0,1,1,1
2024,2024-07-24,Sarmiento Junin,Racing Club,1,0,1,0
2024,2024-07-24,Godoy Cruz,River Plate,2,1,2,1
2024,2024-07-24,Huracan,Estudiantes L.P.,0,0,0,0
2024,2024-07-25,Lanus,Belgrano Cordoba,1,1,3,2
2024,2024-07-25,Platense,Velez Sarsfield,0,1,0,2
2024,2024-07-26,Tigre,Central Cordoba de Santiago,1,0,1,1
2024,2024-07-26,Atletico Tucuman,Instituto Cordoba,0,0,1,0
2024,2024-07-27,Independ. Rivadavia,Independiente,1,0,1,0
2024,2024-07-27,San Lorenzo,Newells Old Boys,0,1,1,1
2024,2024-07-27,Rosario Central,Huracan,0,1,0,1
2024,2024-07-28,Banfield,Talleres Cordoba,1,1,1,1
2024,2024-07-28,Estudiantes L.P.,Gimnasia L.P.,0,0,4,1
2024,2024-07-28,Racing Club,Union Santa Fe,1,0,2,1
2024,2024-07-28,River Plate,Sarmiento Junin,0,0,1,0
2024,2024-07-28,Instituto Cordoba,Boca Juniors,0,0,0,0
2024,2024-07-29,Barracas Central,Atletico Tucuman,0,1,0,2
2024,2024-07-29,Defensa Y Justicia,Platense,0,1,1,3
2024,2024-07-29,Tigre,Deportivo Riestra,1,1,2,1
2024,2024-07-29,Central Cordoba de Santiago,Velez Sarsfield,0,1,0,2
2024,2024-07-30,Belgrano Cordoba,Godoy Cruz,1,0,1,0
2024,2024-07-30,Argentinos JRS,Lanus,0,0,2,0
2024,2024-07-31,Union Santa Fe,Rosario Central,0,0,1,0
2024,2024-07-31,Boca Juniors,Banfield,1,0,3,0
2024,2024-08-02,Newells Old Boys,Estudiantes L.P.,1,2,1,4
2024,2024-08-03,Velez Sarsfield,Defensa Y Justicia,1,0,3,0
2024,2024-08-03,Godoy Cruz,Argentinos JRS,1,0,1,0
2024,2024-08-03,Talleres Cordoba,Instituto Cordoba,0,0,1,1
2024,2024-08-03,Independiente,San Lorenzo,0,0,0,0
2024,2024-08-03,Huracan,Racing Club,0,0,0,0
2024,2024-08-04,Union Santa Fe,River Plate,0,0,0,0
2024,2024-08-04,Sarmiento Junin,Belgrano Cordoba,0,0,0,0
2024,2024-08-04,Boca Juniors,Barracas Central,1,1,1,1
2024,2024-08-04,Lanus,Tigre,0,1,3,2
2024,2024-08-04,Atletico Tucuman,Independ. Rivadavia,0,1,2,1
2024,2024-08-05,Deportivo Riestra,Central Cordoba de Santiago,1,0,1,0
2024,2024-08-05,Gimnasia L.P.,Rosario Central,0,0,0,1
2024,2024-08-05,Platense,Banfield,0,1,0,1
2024,2024-08-08,Argentinos JRS,Sarmiento Junin,0,0,0,0
2024,2024-08-09,Deportivo Riestra,Lanus,0,0,3,1
2024,2024-08-09,Barracas Central,Talleres Cordoba,0,0,1,1
2024,2024-08-09,Belgrano Cordoba,Union Santa Fe,0,0,1,1
2024,2024-08-10,Racing Club,Gimnasia L.P.,0,1,0,1
2024,2024-08-10,San Lorenzo,Atletico Tucuman,0,0,0,1
2024,2024-08-10,Rosario Central,Newells Old Boys,0,0,1,0
2024,2024-08-10,Independ. Rivadavia,Boca Juniors,0,0,1,1
2024,2024-08-10,River Plate,Huracan,1,1,1,1
2024,2024-08-11,Instituto Cordoba,Platense,0,0,2,0
2024,2024-08-11,Central Cordoba de Santiago,Defensa Y Justicia,1,0,2,0
2024,2024-08-11,Banfield,Velez Sarsfield,0,1,2,2
2024,2024-08-11,Estudiantes L.P.,Independiente,0,1,0,2
2024,2024-08-12,Tigre,Godoy Cruz,0,1,0,2
2024,2024-08-16,Platense,Barracas Central,0,0,0,0
2024,2024-08-17,Newells Old Boys,Racing Club,0,1,0,1
2024,2024-08-17,Lanus,Central Cordoba de Santiago,1,0,1,1
2024,2024-08-17,Independiente,Rosario Central,1,0,1,0
2024,2024-08-17,Gimnasia L.P.,River Plate,0,0,1,1
2024,2024-08-17,Velez Sarsfield,Instituto Cordoba,1,0,1,0
2024,2024-08-17,Talleres Cordoba,Independ. Rivadavia,0,1,2,1
2024,2024-08-18,Boca Juniors,San Lorenzo,0,1,3,2
2024,2024-08-18,Atletico Tucuman,Estudiantes L.P.,0,0,2,0
2024,2024-08-18,Sarmiento Junin,Tigre,0,0,0,0
2024,2024-08-18,Huracan,Belgrano Cordoba,1,0,1,0
2024,2024-08-19,Godoy Cruz,Deportivo Riestra,3,0,4,1
2024,2024-08-19,Union Santa Fe,Argentinos JRS,2,0,3,0
2024,2024-08-20,Defensa Y Justicia,Banfield,0,0,1,0
2024,2024-08-23,Independ. Rivadavia,Platense,0,1,0,2
2024,2024-08-24,Deportivo Riestra,Sarmiento Junin,1,1,2,1
2024,2024-08-24,Argentinos JRS,Huracan,0,0,0,0
2024,2024-08-24,Instituto Cordoba,Defensa Y Justicia,3,1,4,1
2024,2024-08-24,Tigre,Union Santa Fe,2,0,5,1
2024,2024-08-25,Lanus,Godoy Cruz,1,0,1,1
2024,2024-08-25,San Lorenzo,Talleres Cordoba,1,0,2,0
2024,2024-08-25,Racing Club,Independiente,0,0,0,0
2024,2024-08-25,River Plate,Newells Old Boys,0,0,0,0
2024,2024-08-26,Central Cordoba de Santiago,Banfield,0,0,0,0
2024,2024-08-26,Barracas Central,Velez Sarsfield,0,1,0,5
2024,2024-08-26,Rosario Central,Atletico Tucuman,0,0,1,0
2024,2024-08-26,Belgrano Cordoba,Gimnasia L.P.,0,0,0,1
2024,2024-08-27,Estudiantes L.P.,Boca Juniors,0,0,1,1
2024,2024-08-30,Sarmiento Junin,Lanus,0,0,0,0
2024,2024-08-31,Union Santa Fe,Deportivo Riestra,0,0,0,0
2024,2024-08-31,Defensa Y Justicia,Barracas Central,1,0,1,0
2024,2024-08-31,Newells Old Boys,Belgrano Cordoba,0,0,0,0
2024,2024-08-31,Velez Sarsfield,Independ. Rivadavia,2,0,4,0
2024,2024-08-31,Talleres Cordoba,Estudiantes L.P.,1,0,1,0
2024,2024-09-01,Boca Juniors,Rosario Central,2,0,2,1
2024,2024-09-01,Huracan,Tigre,0,1,0,2
2024,2024-09-01,Platense,San Lorenzo,1,1,1,2
2024,2024-09-01,Independiente,River Plate,0,0,0,0
2024,2024-09-01,Atletico Tucuman,Racing Club,1,0,1,0
2024,2024-09-02,Banfield,Instituto Cordoba,0,1,1,2
2024,2024-09-02,Gimnasia L.P.,Argentinos JRS,0,0,1,0
2024,2024-09-02,Godoy Cruz,Central Cordoba de Santiago,1,0,1,1
2024,2024-09-13,Deportivo Riestra,Huracan,0,0,1,0
2024,2024-09-13,Lanus,Union Santa Fe,1,0,1,1
2024,2024-09-13,Central Cordoba de Santiago,Instituto Cordoba,0,1,2,1
2024,2024-09-14,River Plate,Atletico Tucuman,2,1,4,1
2024,2024-09-14,San Lorenzo,Velez Sarsfield,0,1,0,1
2024,2024-09-14,Racing Club,Boca Juniors,1,1,2,1
2024,2024-09-14,Belgrano Cordoba,Independiente,0,0,1,1
2024,2024-09-14,Tigre,Gimnasia L.P.,0,1,1,1
2024,2024-09-15,Godoy Cruz,Sarmiento Junin,1,1,1,1
2024,2024-09-15,Estudiantes L.P.,Platense,1,1,1,1
2024,2024-09-15,Rosario Central,Talleres Cordoba,1,1,2,2
2024,2024-09-15,Argentinos JRS,Newells Old Boys,2,0,3,0
2024,2024-09-16,Barracas Central,Banfield,0,0,0,1
2024,2024-09-17,Independ. Rivadavia,Defensa Y Justicia,1,0,1,0
2024,2024-09-20,Gimnasia L.P.,Deportivo Riestra,0,0,0,0
2024,2024-09-20,Union Santa Fe,Godoy Cruz,1,1,3,1
2024,2024-09-21,Boca Juniors,River Plate,0,1,0,1
2024,2024-09-21,Newells Old Boys,Tigre,0,0,1,0
2024,2024-09-21,Instituto Cordoba,Barracas Central,0,0,0,1
2024,2024-09-22,Defensa Y Justicia,San Lorenzo,0,0,0,0
2024,2024-09-22,Huracan,Lanus,1,0,3,0
2024,2024-09-22,Independiente,Argentinos JRS,0,0,0,0
2024,2024-09-22,Talleres Cordoba,Racing Club,1,0,2,0
2024,2024-09-22,Atletico Tucuman,Belgrano Cordoba,1,2,2,4
2024,2024-09-22,Platense,Rosario Central,1,0,1,0
2024,2024-09-23,Sarmiento Junin,Central Cordoba de Santiago,0,1,1,3
2024,2024-09-24,Velez Sarsfield,Estudiantes L.P.,1,0,2,0
2024,2024-09-24,Banfield,Independ. Rivadavia,1,0,2,0
2024,2024-09-27,Deportivo Riestra,Newells Old Boys,2,2,3,3
2024,2024-09-28,Independ. Rivadavia,Instituto Cordoba,1,1,1,1
2024,2024-09-28,San Lorenzo,Banfield,1,1,2,1
2024,2024-09-28,Godoy Cruz,Huracan,0,1,1,1
2024,2024-09-28,Estudiantes L.P.,Defensa Y Justicia,1,0,1,0
2024,2024-09-28,Belgrano Cordoba,Boca Juniors,0,0,2,0
2024,2024-09-29,Central Cordoba de Santiago,Barracas Central,2,0,2,1
2024,2024-09-29,River Plate,Talleres Cordoba,0,1,0,1
2024,2024-09-29,Sarmiento Junin,Union Santa Fe,0,0,1,0
2024,2024-09-30,Argentinos JRS,Atletico Tucuman,0,0,0,0
2024,2024-10-01,Racing Club,Platense,1,1,1,1
2024,2024-10-01,Lanus,Gimnasia L.P.,0,0,0,0
2024,2024-10-01,Tigre,Independiente,0,1,1,1
2024,2024-10-01,Rosario Central,Velez Sarsfield,1,0,3,0
2024,2024-10-04,Union Santa Fe,Central Cordoba de Santiago,0,1,0,2
2024,2024-10-05,Huracan,Sarmiento Junin,1,1,3,1
2024,2024-10-05,Velez Sarsfield,Racing Club,0,0,1,0
2024,2024-10-05,Gimnasia L.P.,Godoy Cruz,0,0,0,1
2024,2024-10-05,Newells Old Boys,Lanus,0,0,2,1
2024,2024-10-05,Instituto Cordoba,San Lorenzo,1,0,2,0
2024,2024-10-06,Independiente,Deportivo Riestra,2,1,3,1
2024,2024-10-06,Talleres Cordoba,Belgrano Cordoba,0,0,0,0
2024,2024-10-06,Platense,River Plate,0,0,0,0
2024,2024-10-07,Boca Juniors,Argentinos JRS,1,0,1,0
2024,2024-10-07,Barracas Central,Independ. Rivadavia,1,1,1,1
2024,2024-10-07,Banfield,Estudiantes L.P.,0,1,1,2
2024,2024-10-07,Defensa Y Justicia,Rosario Central,2,0,2,1
2024,2024-10-08,Atletico Tucuman,Tigre,1,1,1,2
2024,2024-10-12,Godoy Cruz,San Lorenzo,1,1,1,1
2024,2024-10-18,Deportivo Riestra,Atletico Tucuman,0,0,2,0
2024,2024-10-18,Sarmiento Junin,Gimnasia L.P.,1,1,1,1
2024,2024-10-18,Central Cordoba de Santiago,Independ. Rivadavia,2,0,2,0
2024,2024-10-18,Lanus,Independiente,0,0,0,2
2024,2024-10-19,River Plate,Velez Sarsfield,0,1,1,1
2024,2024-10-19,Racing Club,Defensa Y Justicia,3,0,4,3
2024,2024-10-19,Belgrano Cordoba,Platense,0,0,0,1
2024,2024-10-19,Tigre,Boca Juniors,1,0,3,0
2024,2024-10-20,Union Santa Fe,Huracan,0,0,0,1
2024,2024-10-20,Argentinos JRS,Talleres Cordoba,0,0,3,0
2024,2024-10-20,Rosario Central,Banfield,1,1,1,1
2024,2024-10-20,Estudiantes L.P.,Instituto Cordoba,2,0,3,2
2024,2024-10-20,Godoy Cruz,Newells Old Boys,1,0,2,0
2024,2024-10-20,San Lorenzo,Barracas Central,0,0,1,0
2024,2024-10-25,Barracas Central,Estudiantes L.P.,0,0,1,1
2024,2024-10-26,Defensa Y Justicia,River Plate,0,0,0,0
2024,2024-10-26,Newells Old Boys,Sarmiento Junin,1,1,1,1
2024,2024-10-26,Instituto Cordoba,Rosario Central,0,0,0,0
2024,2024-10-26,Independiente,Godoy Cruz,0,0,1,1
2024,2024-10-27,Velez Sarsfield,Belgrano Cordoba,0,1,1,1
2024,2024-10-27,Independ. Rivadavia,San Lorenzo,1,0,1,0
2024,2024-10-27,Platense,Argentinos JRS,2,1,2,1
2024,2024-10-27,Banfield,Racing Club,0,0,2,1
2024,2024-10-27,Boca Juniors,Deportivo Riestra,0,1,1,1
2024,2024-10-28,Atletico Tucuman,Lanus,1,0,1,0
2024,2024-10-28,Talleres Cordoba,Tigre,0,0,1,1
2024,2024-10-28,Gimnasia L.P.,Union Santa Fe,1,1,2,3
2024,2024-10-29,Huracan,Central Cordoba de Santiago,0,0,0,0
2024,2024-10-31,Estudiantes L.P.,Independ. Rivadavia,1,1,1,1
2024,2024-10-31,Sarmiento Junin,Independiente,0,0,0,0
2024,2024-11-01,Rosario Central,Barracas Central,0,0,0,1
2024,2024-11-01,Godoy Cruz,Atletico Tucuman,1,0,1,1
2024,2024-11-01,Central Cordoba de Santiago,San Lorenzo,0,1,0,1
2024,2024-11-01,Huracan,Gimnasia L.P.,0,0,0,0
2024,2024-11-02,Union Santa Fe,Newells Old Boys,1,0,2,0
2024,2024-11-02,Argentinos JRS,Velez Sarsfield,0,0,1,1
2024,2024-11-02,Deportivo Riestra,Talleres Cordoba,0,0,0,0
2024,2024-11-02,River Plate,Banfield,1,0,3,1
2024,2024-11-02,Belgrano Cordoba,Defensa Y Justicia,0,0,1,2
2024,2024-11-03,Tigre,Platense,0,0,0,0
2024,2024-11-03,Racing Club,Instituto Cordoba,2,0,2,0
2024,2024-11-03,Lanus,Boca Juniors,0,0,1,0
2024,2024-11-04,Atletico Tucuman,Sarmiento Junin,1,0,1,0
2024,2024-11-05,Independ. Rivadavia,Rosario Central,1,1,1,1
2024,2024-11-05,Gimnasia L.P.,Central Cordoba de Santiago,0,0,0,0
2024,2024-11-05,San Lorenzo,Estudiantes L.P.,1,1,1,1
2024,2024-11-06,Independiente,Union Santa Fe,1,0,3,0
2024,2024-11-06,Newells Old Boys,Huracan,1,2,2,4
2024,2024-11-06,Barracas Central,Racing Club,0,1,0,2
2024,2024-11-06,Banfield,Belgrano Cordoba,0,1,1,1
2024,2024-11-06,Boca Juniors,Godoy Cruz,2,1,4,1
2024,2024-11-07,Instituto Cordoba,River Plate,1,0,2,3
2024,2024-11-07,Talleres Cordoba,Lanus,1,1,1,2
2024,2024-11-07,Defensa Y Justicia,Argentinos JRS,1,1,2,1
2024,2024-11-08,Platense,Deportivo Riestra,0,0,0,0
2024,2024-11-08,Velez Sarsfield,Tigre,0,0,1,0
2024,2024-11-09,Union Santa Fe,Atletico Tucuman,0,0,1,0
2024,2024-11-09,Gimnasia L.P.,Newells Old Boys,1,0,1,0
2024,2024-11-09,Rosario Central,San Lorenzo,0,0,0,1
2024,2024-11-10,Huracan,Independiente,0,0,1,0
2024,2024-11-10,Central Cordoba de Santiago,Estudiantes L.P.,1,1,1,1
2024,2024-11-10,River Plate,Barracas Central,0,0,3,0
2024,2024-11-10,Godoy Cruz,Talleres Cordoba,0,0,0,1
2024,2024-11-10,Racing Club,Independ. Rivadavia,1,1,2,1
2024,2024-11-11,Sarmiento Junin,Boca Juniors,0,0,0,2
2024,2024-11-11,Deportivo Riestra,Velez Sarsfield,0,1,1,1
2024,2024-11-11,Lanus,Platense,0,0,0,0
2024,2024-11-11,Tigre,Defensa Y Justicia,0,0,0,4
2024,2024-11-12,Belgrano Cordoba,Instituto Cordoba,2,1,3,1
2024,2024-11-12,Argentinos JRS,Banfield,1,0,1,0
2024,2024-11-17,San Lorenzo,Racing Club,1,0,1,2
2024,2024-11-18,Banfield,Tigre,0,0,0,1
2024,2024-11-18,Defensa Y Justicia,Deportivo Riestra,0,0,1,1
2024,2024-11-18,Platense,Godoy Cruz,0,0,1,0
2024,2024-11-19,Atletico Tucuman,Huracan,2,1,4,2
2024,2024-11-19,Instituto Cordoba,Argentinos JRS,0,0,1,0
2024,2024-11-20,Newells Old Boys,Central Cordoba de Santiago,1,1,2,3
2024,2024-11-20,Velez Sarsfield,Lanus,0,0,0,0
2024,2024-11-20,Estudiantes L.P.,Rosario Central,1,1,1,1
2024,2024-11-21,Boca Juniors,Union Santa Fe,1,0,1,0
2024,2024-11-21,Barracas Central,Belgrano Cordoba,1,1,1,1
2024,2024-11-21,Independiente,Gimnasia L.P.,1,0,1,0
2024,2024-11-21,Talleres Cordoba,Sarmiento Junin,0,0,2,0
2024,2024-11-22,Independ. Rivadavia,River Plate,1,1,2,1
2024,2024-11-23,Tigre,Instituto Cordoba,0,0,0,0
2024,2024-11-24,Huracan,Boca Juniors,0,0,0,0
2024,2024-11-24,Gimnasia L.P.,Atletico Tucuman,1,0,1,0
2024,2024-11-24,Deportivo Riestra,Banfield,1,1,1,1
2024,2024-11-24,Godoy Cruz,Velez Sarsfield,0,0,0,0
2024,2024-11-25,Lanus,Defensa Y Justicia,0,0,0,0
2024,2024-11-25,Central Cordoba de Santiago,Rosario Central,0,0,0,1
2024,2024-11-26,Belgrano Cordoba,Independ. Rivadavia,0,1,0,2
2024,2024-11-26,Argentinos JRS,Barracas Central,0,1,0,1
2024,2024-11-26,Newells Old Boys,Independiente,1,0,2,1
2024,2024-11-27,Union Santa Fe,Talleres Cordoba,1,2,2,3
2024,2024-11-27,Sarmiento Junin,Platense,1,0,1,0
2024,2024-11-29,San Lorenzo,Belgrano Cordoba,0,1,0,2
2024,2024-11-30,Estudiantes L.P.,River Plate,0,2,1,2
2024,2024-11-30,Rosario Central,Racing Club,0,0,0,2
2024,2024-11-30,Banfield,Lanus,0,0,0,1
2024,2024-12-01,Defensa Y Justicia,Godoy Cruz,2,1,2,1
2024,2024-12-01,Instituto Cordoba,Deportivo Riestra,0,1,2,1
2024,2024-12-01,Independiente,Central Cordoba de Santiago,2,0,2,0
2024,2024-12-01,Velez Sarsfield,Sarmiento Junin,1,0,1,0
2024,2024-12-02,Boca Juniors,Gimnasia L.P.,1,0,1,0
2024,2024-12-02,Barracas Central,Tigre,0,0,0,0
2024,2024-12-02,Platense,Union Santa Fe,0,0,1,0
2024,2024-12-02,Talleres Cordoba,Huracan,0,0,1,0
2024,2024-12-03,Independ. Rivadavia,Argentinos JRS,2,1,2,1
2024,2024-12-03,Atletico Tucuman,Newells Old Boys,0,0,0,0
2024,2024-12-04,Racing Club,Estudiantes L.P.,2,1,4,5
2024,2024-12-05,River Plate,San Lorenzo,0,0,1,1
2024,2024-12-06,Deportivo Riestra,Barracas Central,0,0,0,0
2024,2024-12-06,Sarmiento Junin,Defensa Y Justicia,1,1,1,1
2024,2024-12-07,Lanus,Instituto Cordoba,0,0,2,0
2024,2024-12-07,Union Santa Fe,Velez Sarsfield,0,0,1,0
2024,2024-12-08,Central Cordoba de Santiago,Racing Club,2,0,3,1
2024,2024-12-08,Gimnasia L.P.,Talleres Cordoba,0,0,0,1
2024,2024-12-08,Godoy Cruz,Banfield,1,0,4,0
2024,2024-12-08,River Plate,Rosario Central,1,0,4,0
2024,2024-12-09,Newells Old Boys,Boca Juniors,0,0,0,1
2024,2024-12-09,Tigre,Independ. Rivadavia,0,1,0,2
2024,2024-12-09,Belgrano Cordoba,Estudiantes L.P.,1,1,2,2
2024,2024-12-09,Argentinos JRS,San Lorenzo,1,0,1,0
2024,2024-12-10,Huracan,Platense,0,0,1,0
2024,2024-12-10,Independiente,Atletico Tucuman,1,0,2,1
2024,2024-12-13,Estudiantes L.P.,Argentinos JRS,1,1,2,2
2024,2024-12-13,Barracas Central,Lanus,1,1,3,3
2024,2024-12-14,Banfield,Sarmiento Junin,0,0,1,1
2024,2024-12-14,San Lorenzo,Tigre,0,0,0,1
2024,2024-12-14,Rosario Central,Belgrano Cordoba,1,0,2,1
2024,2024-12-14,Instituto Cordoba,Godoy Cruz,1,1,1,3
2024,2024-12-14,Boca Juniors,Independiente,0,0,0,0
2024,2024-12-15,Racing Club,River Plate,1,0,1,0
2024,2024-12-15,Defensa Y Justicia,Union Santa Fe,0,0,0,0
2024,2024-12-15,Platense,Gimnasia L.P.,1,0,1,0
2024,2024-12-15,Velez Sarsfield,Huracan,2,0,2,0
2024,2024-12-15,Talleres Cordoba,Newells Old Boys,0,0,1,3
2024,2024-12-17,Atletico Tucuman,Central Cordoba de Santiago,1,0,2,0
2024,2024-12-17,Independ. Rivadavia,Deportivo Riestra,0,0,0,0
2025,2025-08-10,Barracas Central,Aldosivi,1,0,1,0
2025,2025-01-23,Godoy Cruz,Rosario Central,0,2,0,3
2025,2025-01-23,Tigre,Velez Sarsfield,2,0,3,0
2025,2025-01-24,Defensa Y Justicia,Banfield,0,0,0,1
2025,2025-01-24,Lanus,Deportivo Riestra,0,0,0,2
2025,2025-01-24,Newells Old Boys,Independ. Rivadavia,0,1,0,1
2025,2025-01-24,Barracas Central,Racing Club,1,1,1,3
2025,2025-01-24,Independiente,Sarmiento Junin,1,0,2,1
2025,2025-01-25,Belgrano Cordoba,Huracan,1,1,1,1
2025,2025-01-25,San Martin S.J.,Atletico Tucuman,0,1,0,1
2025,2025-01-25,San Lorenzo,Talleres Cordoba,0,0,1,0
2025,2025-01-25,Estudiantes L.P.,Union Santa Fe,3,0,3,1
2025,2025-01-25,Instituto Cordoba,Gimnasia L.P.,1,0,3,0
2025,2025-01-26,Platense,River Plate,1,0,1,1
2025,2025-01-26,Boca Juniors,Argentinos JRS,0,0,0,0
2025,2025-01-27,Central Cordoba de Santiago,Aldosivi,0,0,1,0
2025,2025-01-27,Banfield,Newells Old Boys,2,0,3,0
2025,2025-01-28,Deportivo Riestra,San Martin S.J.,0,0,0,0
2025,2025-01-28,Rosario Central,Lanus,2,0,2,1
2025,2025-01-28,Sarmiento Junin,Godoy Cruz,0,0,0,0
2025,2025-01-29,Velez Sarsfield,Platense,0,0,0,1
2025,2025-01-29,Independ. Rivadavia,Barracas Central,0,0,0,0
2025,2025-01-29,Gimnasia L.P.,San Lorenzo,0,0,0,2
2025,2025-01-29,Talleres Cordoba,Independiente,1,2,2,3
2025,2025-01-29,Union Santa Fe,Boca Juniors,0,1,1,1
2025,2025-01-29,Huracan,Estudiantes L.P.,0,0,0,0
2025,2025-01-30,River Plate,Instituto Cordoba,0,0,1,0
2025,2025-01-30,Aldosivi,Defensa Y Justicia,0,2,0,5
2025,2025-01-30,Racing Club,Belgrano Cordoba,1,0,4,0
2025,2025-01-31,Argentinos JRS,Tigre,1,0,1,0
2025,2025-01-31,Central Cordoba de Santiago,Atletico Tucuman,1,0,2,0
2025,2025-02-01,Barracas Central,Banfield,1,0,1,0
2025,2025-02-01,San Martin S.J.,Rosario Central,0,0,0,0
2025,2025-02-02,Lanus,Sarmiento Junin,2,0,2,0
2025,2025-02-02,San Lorenzo,River Plate,0,0,0,0
2025,2025-02-02,Boca Juniors,Huracan,1,1,2,1
2025,2025-02-02,Newells Old Boys,Aldosivi,1,0,1,0
2025,2025-02-03,Independiente,Gimnasia L.P.,1,0,2,0
2025,2025-02-03,Instituto Cordoba,Velez Sarsfield,1,0,2,0
2025,2025-02-03,Defensa Y Justicia,Central Cordoba de Santiago,0,0,2,1
2025,2025-02-03,Estudiantes L.P.,Racing Club,1,0,2,0
2025,2025-02-03,Tigre,Union Santa Fe,1,0,1,0
2025,2025-02-04,Belgrano Cordoba,Independ. Rivadavia,0,3,0,3
2025,2025-02-04,Argentinos JRS,Platense,0,0,1,0
2025,2025-02-05,Atletico Tucuman,Deportivo Riestra,0,1,0,3
2025,2025-02-06,Aldosivi,Barracas Central,0,2,1,3
2025,2025-02-06,Sarmiento Junin,San Martin S.J.,0,1,1,1
2025,2025-02-07,Banfield,Belgrano Cordoba,1,0,1,1
2025,2025-02-07,Huracan,Tigre,1,0,2,0
2025,2025-02-07,Central Cordoba de Santiago,Newells Old Boys,1,0,2,0
2025,2025-02-08,Union Santa Fe,Argentinos JRS,0,1,0,1
2025,2025-02-08,Independ. Rivadavia,Estudiantes L.P.,0,0,2,2
2025,2025-02-08,Velez Sarsfield,San Lorenzo,0,0,0,0
2025,2025-02-08,Rosario Central,Atletico Tucuman,1,0,3,1
2025,2025-02-08,River Plate,Independiente,0,0,2,0
2025,2025-02-09,Racing Club,Boca Juniors,1,0,2,0
2025,2025-02-09,Deportivo Riestra,Defensa Y Justicia,0,0,1,1
2025,2025-02-09,Platense,Instituto Cordoba,0,0,1,0
2025,2025-02-09,Gimnasia L.P.,Godoy Cruz,1,0,3,0
2025,2025-02-10,Talleres Cordoba,Lanus,0,1,0,1
2025,2025-02-11,Barracas Central,Central Cordoba de Santiago,0,0,3,3
2025,2025-02-11,Estudiantes L.P.,Banfield,0,0,1,0
2025,2025-02-11,Boca Juniors,Independ. Rivadavia,0,0,2,0
2025,2025-02-12,Belgrano Cordoba,Aldosivi,1,0,2,0
2025,2025-02-12,Tigre,Racing Club,1,0,1,0
2025,2025-02-12,Deportivo Riestra,Rosario Central,0,0,0,0
2025,2025-02-12,Newells Old Boys,Defensa Y Justicia,0,0,0,1
2025,2025-02-12,Independiente,Velez Sarsfield,2,0,3,0
2025,2025-02-12,Argentinos JRS,Huracan,1,0,1,1
2025,2025-02-13,Godoy Cruz,River Plate,0,0,0,0
2025,2025-02-13,Lanus,Gimnasia L.P.,0,0,0,0
2025,2025-02-13,San Lorenzo,Platense,1,1,2,1
2025,2025-02-13,San Martin S.J.,Talleres Cordoba,0,0,0,1
2025,2025-02-14,Union Santa Fe,Instituto Cordoba,0,0,0,0
2025,2025-02-14,Atletico Tucuman,Sarmiento Junin,4,0,5,0
2025,2025-02-14,Banfield,Boca Juniors,0,0,0,1
2025,2025-02-15,Defensa Y Justicia,Barracas Central,1,0,1,1
2025,2025-02-15,Aldosivi,Estudiantes L.P.,0,1,2,2
2025,2025-02-15,Independ. Rivadavia,Tigre,0,2,1,4
2025,2025-02-15,Central Cordoba de Santiago,Belgrano Cordoba,2,0,4,0
2025,2025-02-16,Racing Club,Argentinos JRS,0,2,2,3
2025,2025-02-16,Newells Old Boys,Rosario Central,0,1,1,2
2025,2025-02-16,River Plate,Lanus,0,0,1,0
2025,2025-02-17,Huracan,Union Santa Fe,0,0,1,0
2025,2025-02-17,Talleres Cordoba,Atletico Tucuman,0,0,1,1
2025,2025-02-17,Gimnasia L.P.,San Martin S.J.,1,0,1,0
2025,2025-02-17,Sarmiento Junin,Deportivo Riestra,0,1,2,1
2025,2025-02-17,Platense,Independiente,0,0,1,1
2025,2025-02-18,Velez Sarsfield,Godoy Cruz,0,2,0,2
2025,2025-02-18,Instituto Cordoba,San Lorenzo,0,1,0,1
2025,2025-02-21,Deportivo Riestra,Talleres Cordoba,0,0,0,0
2025,2025-02-21,Godoy Cruz,Platense,0,1,1,1
2025,2025-02-21,Estudiantes L.P.,Central Cordoba de Santiago,0,1,3,2
2025,2025-02-22,Lanus,Velez Sarsfield,0,0,0,0
2025,2025-02-22,Independiente,Instituto Cordoba,0,0,2,0
2025,2025-02-22,Boca Juniors,Aldosivi,0,0,2,1
2025,2025-02-23,San Martin S.J.,River Plate,0,0,0,2
2025,2025-02-23,Rosario Central,Sarmiento Junin,1,0,1,0
2025,2025-02-23,Huracan,San Lorenzo,1,0,2,0
2025,2025-02-24,Belgrano Cordoba,Defensa Y Justicia,1,0,2,0
2025,2025-02-24,Atletico Tucuman,Gimnasia L.P.,0,1,0,1
2025,2025-02-24,Barracas Central,Newells Old Boys,1,0,2,0
2025,2025-02-24,Argentinos JRS,Independ. Rivadavia,0,0,0,0
2025,2025-02-25,Tigre,Banfield,0,0,1,0
2025,2025-02-28,Boca Juniors,Rosario Central,1,0,1,0
2025,2025-03-01,San Martin S.J.,Belgrano Cordoba,0,0,3,1
2025,2025-03-01,Central Cordoba de Santiago,Deportivo Riestra,0,0,0,0
2025,2025-03-01,Aldosivi,Sarmiento Junin,2,2,2,2
2025,2025-03-01,River Plate,Estudiantes L.P.,0,1,0,2
2025,2025-03-02,Union Santa Fe,Gimnasia L.P.,0,0,1,0
2025,2025-03-02,Talleres Cordoba,Tigre,1,1,1,2
2025,2025-03-02,Argentinos JRS,Instituto Cordoba,0,0,2,0
2025,2025-03-02,Independ. Rivadavia,Lanus,0,0,1,1
2025,2025-03-02,Velez Sarsfield,Huracan,0,1,0,2
2025,2025-03-03,Barracas Central,Godoy Cruz,0,1,1,2
2025,2025-03-03,San Lorenzo,Racing Club,1,1,3,2
2025,2025-03-04,Atletico Tucuman,Newells Old Boys,1,2,1,2
2025,2025-03-04,Banfield,Independiente,0,0,0,0
2025,2025-03-05,Platense,Defensa Y Justicia,0,1,0,1
2025,2025-03-07,Velez Sarsfield,San Martin S.J.,0,0,1,0
2025,2025-03-07,Banfield,Argentinos JRS,1,0,1,2
2025,2025-03-08,Central Cordoba de Santiago,Boca Juniors,0,2,0,3
2025,2025-03-08,San Lorenzo,Independiente,1,1,1,2
2025,2025-03-08,Racing Club,Huracan,0,1,0,1
2025,2025-03-09,Sarmiento Junin,Barracas Central,0,0,1,1
2025,2025-03-09,Platense,Lanus,0,0,0,0
2025,2025-03-09,Defensa Y Justicia,Estudiantes L.P.,0,0,1,0
2025,2025-03-09,Aldosivi,Tigre,0,1,0,2
2025,2025-03-09,River Plate,Atletico Tucuman,0,0,1,0
2025,2025-03-10,Newells Old Boys,Belgrano Cordoba,0,0,0,0
2025,2025-03-10,Instituto Cordoba,Godoy Cruz,1,1,1,1
2025,2025-03-10,Gimnasia L.P.,Deportivo Riestra,0,1,1,1
2025,2025-03-11,Talleres Cordoba,Rosario Central,0,0,0,0
2025,2025-03-11,Independ. Rivadavia,Union Santa Fe,1,0,2,0
2025,2025-03-14,Argentinos JRS,Aldosivi,0,1,0,2
2025,2025-03-15,Godoy Cruz,San Lorenzo,0,0,0,0
2025,2025-03-15,Deportivo Riestra,River Plate,0,0,0,0
2025,2025-03-15,Rosario Central,Gimnasia L.P.,1,1,2,1
2025,2025-03-15,Estudiantes L.P.,Newells Old Boys,1,1,1,1
2025,2025-03-16,Huracan,Independ. Rivadavia,0,0,2,0
2025,2025-03-16,Sarmiento Junin,Talleres Cordoba,0,0,0,0
2025,2025-03-16,Independiente,Racing Club,0,1,1,1
2025,2025-03-16,Boca Juniors,Defensa Y Justicia,2,0,4,0
2025,2025-03-17,Belgrano Cordoba,Barracas Central,1,1,1,1
2025,2025-03-17,Lanus,Instituto Cordoba,1,1,4,1
2025,2025-03-17,Union Santa Fe,Banfield,1,0,3,1
2025,2025-03-17,Tigre,Central Cordoba de Santiago,0,0,1,2
2025,2025-03-18,Atletico Tucuman,Velez Sarsfield,1,1,1,2
2025,2025-03-18,San Martin S.J.,Platense,0,2,0,2
2025,2025-03-21,Union Santa Fe,Racing Club,0,0,0,1
2025,2025-03-22,Godoy Cruz,Talleres Cordoba,0,0,0,0
2025,2025-03-27,Aldosivi,Union Santa Fe,1,0,2,1
2025,2025-03-27,Barracas Central,Estudiantes L.P.,1,0,2,1
2025,2025-03-28,Independ. Rivadavia,Racing Club,0,1,2,1
2025,2025-03-28,Defensa Y Justicia,Tigre,0,0,1,2
2025,2025-03-28,Banfield,Huracan,0,0,0,0
2025,2025-03-28,San Lorenzo,Lanus,0,0,1,1
2025,2025-03-29,Velez Sarsfield,Deportivo Riestra,0,1,0,1
2025,2025-03-29,Platense,Atletico Tucuman,1,1,2,1
2025,2025-03-29,Instituto Cordoba,San Martin S.J.,0,0,1,0
2025,2025-03-29,Central Cordoba de Santiago,Argentinos JRS,0,0,1,1
2025,2025-03-29,Independiente,Godoy Cruz,4,0,4,0
2025,2025-03-30,River Plate,Rosario Central,1,1,2,2
2025,2025-03-30,Belgrano Cordoba,Talleres Cordoba,0,1,1,1
2025,2025-03-30,Gimnasia L.P.,Sarmiento Junin,0,0,0,0
2025,2025-03-30,Newells Old Boys,Boca Juniors,2,0,2,0
2025,2025-04-04,Estudiantes L.P.,Belgrano Cordoba,0,1,0,1
2025,2025-04-05,San Martin S.J.,San Lorenzo,0,0,0,1
2025,2025-04-05,Rosario Central,Velez Sarsfield,0,1,2,1
2025,2025-04-05,Godoy Cruz,Independ. Rivadavia,1,0,1,1
2025,2025-04-05,Huracan,Aldosivi,1,1,3,3
2025,2025-04-05,Talleres Cordoba,Gimnasia L.P.,1,0,2,0
2025,2025-04-05,Sarmiento Junin,River Plate,1,1,1,1
2025,2025-04-06,Union Santa Fe,Central Cordoba de Santiago,1,0,1,0
2025,2025-04-06,Lanus,Independiente,0,1,1,1
2025,2025-04-06,Boca Juniors,Barracas Central,1,0,1,0
2025,2025-04-06,Racing Club,Banfield,1,0,4,1
2025,2025-04-06,Argentinos JRS,Defensa Y Justicia,4,0,4,1
2025,2025-04-07,Deportivo Riestra,Platense,0,0,1,0
2025,2025-04-08,Tigre,Newells Old Boys,0,1,0,2
2025,2025-04-08,Atletico Tucuman,Instituto Cordoba,1,0,3,2
2025,2025-04-11,Banfield,Independ. Rivadavia,1,0,1,1
2025,2025-04-12,Newells Old Boys,Argentinos JRS,0,0,0,0
2025,2025-04-12,San Lorenzo,Atletico Tucuman,0,0,1,0
2025,2025-04-12,Barracas Central,Tigre,1,0,1,0
2025,2025-04-12,Belgrano Cordoba,Boca Juniors,0,1,1,3
2025,2025-04-13,Gimnasia L.P.,Estudiantes L.P.,1,0,1,1
2025,2025-04-13,Instituto Cordoba,Deportivo Riestra,0,0,3,0
2025,2025-04-13,Independiente,San Martin S.J.,0,0,2,0
2025,2025-04-13,River Plate,Talleres Cordoba,0,0,1,1
2025,2025-04-14,Aldosivi,Racing Club,0,2,0,2
2025,2025-04-14,Central Cordoba de Santiago,Huracan,1,1,1,2
2025,2025-04-14,Defensa Y Justicia,Union Santa Fe,0,0,0,0
2025,2025-04-15,Velez Sarsfield,Sarmiento Junin,0,0,0,1
2025,2025-04-15,Godoy Cruz,Lanus,0,0,0,0
2025,2025-04-15,Platense,Rosario Central,0,0,0,0
2025,2025-04-18,Gimnasia L.P.,River Plate,0,1,0,3
2025,2025-04-18,Racing Club,Central Cordoba de Santiago,1,0,1,0
2025,2025-04-18,Talleres Cordoba,Velez Sarsfield,0,0,0,1
2025,2025-04-19,Union Santa Fe,Newells Old Boys,1,1,1,1
2025,2025-04-19,Lanus,Banfield,1,0,1,1
2025,2025-04-19,Huracan,Defensa Y Justicia,0,1,1,1
2025,2025-04-19,Boca Juniors,Estudiantes L.P.,0,0,2,0
2025,2025-04-20,Deportivo Riestra,San Lorenzo,0,0,0,0
2025,2025-04-20,San Martin S.J.,Godoy Cruz,1,0,1,0
2025,2025-04-20,Sarmiento Junin,Platense,0,0,0,1
2025,2025-04-20,Rosario Central,Instituto Cordoba,1,0,3,0
2025,2025-04-22,Tigre,Belgrano Cordoba,0,0,0,0
2025,2025-04-22,Argentinos JRS,Barracas Central,2,0,3,0
2025,2025-04-23,Independ. Rivadavia,Aldosivi,1,0,1,0
2025,2025-04-26,Aldosivi,Banfield,1,0,2,1
2025,2025-04-26,San Lorenzo,Rosario Central,0,0,0,1
2025,2025-04-26,Belgrano Cordoba,Argentinos JRS,1,0,1,1
2025,2025-04-27,River Plate,Boca Juniors,2,1,2,1
2025,2025-04-27,Lanus,San Martin S.J.,0,0,1,0
2025,2025-04-27,Instituto Cordoba,Sarmiento Junin,0,0,1,1
2025,2025-04-28,Independiente,Deportivo Riestra,0,0,0,0
2025,2025-04-28,Barracas Central,Union Santa Fe,1,1,2,1
2025,2025-04-28,Godoy Cruz,Atletico Tucuman,1,0,1,0
2025,2025-04-28,Defensa Y Justicia,Racing Club,0,0,1,2
2025,2025-04-28,Estudiantes L.P.,Tigre,0,0,0,0
2025,2025-04-29,Velez Sarsfield,Gimnasia L.P.,0,0,1,0
2025,2025-04-29,Central Cordoba de Santiago,Independ. Rivadavia,0,0,1,2
2025,2025-04-29,Newells Old Boys,Huracan,1,0,2,0
2025,2025-04-29,Platense,Talleres Cordoba,0,1,2,1
2025,2025-05-01,Atletico Tucuman,Independiente,1,0,2,0
2025,2025-05-02,Racing Club,Newells Old Boys,0,0,1,0
2025,2025-05-02,Banfield,Central Cordoba de Santiago,2,0,3,1
2025,2025-05-02,Argentinos JRS,Estudiantes L.P.,2,0,4,0
2025,2025-05-02,Independ. Rivadavia,Defensa Y Justicia,1,2,3,2
2025,2025-05-02,Union Santa Fe,Belgrano Cordoba,1,1,1,1
2025,2025-05-03,Talleres Cordoba,Instituto Cordoba,1,1,1,2
2025,2025-05-03,Sarmiento Junin,San Lorenzo,1,0,1,1
2025,2025-05-03,Deportivo Riestra,Godoy Cruz,1,0,3,0
2025,2025-05-03,Rosario Central,Independiente,1,0,1,0
2025,2025-05-04,Huracan,Barracas Central,0,0,0,1
2025,2025-05-04,Atletico Tucuman,Lanus,0,0,1,0
2025,2025-05-04,Gimnasia L.P.,Platense,0,0,1,0
2025,2025-05-04,San Martin S.J.,Aldosivi,0,1,0,3
2025,2025-05-04,Tigre,Boca Juniors,1,1,1,1
2025,2025-05-04,River Plate,Velez Sarsfield,3,1,4,1
2025,2025-05-10,San Lorenzo,Tigre,1,0,2,1
2025,2025-05-10,Rosario Central,Estudiantes L.P.,0,0,2,0
2025,2025-05-10,Racing Club,Platense,0,0,0,1
2025,2025-05-11,Boca Juniors,Lanus,0,0,0,0
2025,2025-05-11,Independiente,Independ. Rivadavia,0,0,1,0
2025,2025-05-11,Argentinos JRS,Instituto Cordoba,0,0,3,1
2025,2025-05-11,Huracan,Deportivo Riestra,1,0,3,2
2025,2025-05-12,River Plate,Barracas Central,2,0,3,0
2025,2025-05-18,Rosario Central,Huracan,0,1,0,1
2025,2025-05-19,Argentinos JRS,San Lorenzo,0,0,1,1
2025,2025-05-20,Boca Juniors,Independiente,0,0,0,1
2025,2025-05-20,River Plate,Platense,0,1,1,1
2025,2025-05-24,Independiente,Huracan,0,0,0,0
2025,2025-05-25,San Lorenzo,Platense,0,0,0,1
2025,2025-06-01,Huracan,Platense,0,0,0,1
2025,2025-07-11,Aldosivi,Central Cordoba de Santiago,0,0,0,0
2025,2025-07-11,Talleres Cordoba,San Lorenzo,1,1,1,2
2025,2025-07-12,Rosario Central,Godoy Cruz,0,0,1,1
2025,2025-07-12,Gimnasia L.P.,Instituto Cordoba,0,1,0,1
2025,2025-07-12,Huracan,Belgrano Cordoba,0,1,0,3
2025,2025-07-12,Racing Club,Barracas Central,0,0,0,1
2025,2025-07-13,Sarmiento Junin,Independiente,1,0,2,2
2025,2025-07-13,Atletico Tucuman,San Martin S.J.,1,0,2,1
2025,2025-07-13,Independ. Rivadavia,Newells Old Boys,1,0,1,2
2025,2025-07-13,Argentinos JRS,Boca Juniors,0,0,0,0
2025,2025-07-14,River Plate,Platense,2,1,3,1
2025,2025-07-14,Deportivo Riestra,Lanus,0,0,1,0
2025,2025-07-14,Banfield,Defensa Y Justicia,0,0,0,0
2025,2025-07-15,Velez Sarsfield,Tigre,2,0,2,1
2025,2025-07-15,Union Santa Fe,Estudiantes L.P.,1,0,1,0
2025,2025-07-18,Boca Juniors,Union Santa Fe,0,0,1,1
2025,2025-07-19,Atletico Tucuman,Central Cordoba de Santiago,1,0,1,1
2025,2025-07-19,San Lorenzo,Gimnasia L.P.,0,0,0,0
2025,2025-07-19,Lanus,Rosario Central,0,0,0,1
2025,2025-07-19,Godoy Cruz,Sarmiento Junin,0,0,0,0
2025,2025-07-19,Platense,Velez Sarsfield,0,0,0,0
2025,2025-07-20,Instituto Cordoba,River Plate,0,2,0,4
2025,2025-07-20,Barracas Central,Independ. Rivadavia,0,0,0,3
2025,2025-07-20,Tigre,Argentinos JRS,0,0,2,1
2025,2025-07-20,Newells Old Boys,Banfield,0,1,1,2
2025,2025-07-20,Belgrano Cordoba,Racing Club,0,0,0,1
2025,2025-07-21,Independiente,Talleres Cordoba,0,1,1,2
2025,2025-07-21,Estudiantes L.P.,Huracan,0,1,2,1
2025,2025-07-22,Defensa Y Justicia,Aldosivi,0,0,2,0
2025,2025-07-22,San Martin S.J.,Deportivo Riestra,1,1,3,2
2025,2025-07-25,Sarmiento Junin,Lanus,0,2,0,2
2025,2025-07-26,Union Santa Fe,Tigre,0,0,0,0
2025,2025-07-26,Independ. Rivadavia,Belgrano Cordoba,0,0,0,0
2025,2025-07-26,Aldosivi,Newells Old Boys,0,0,0,0
2025,2025-07-26,Rosario Central,San Martin S.J.,0,0,0,0
2025,2025-07-26,Velez Sarsfield,Instituto Cordoba,0,0,0,0
2025,2025-07-26,Platense,Argentinos JRS,0,0,0,0
2025,2025-07-27,Racing Club,Estudiantes L.P.,0,0,0,1
2025,2025-07-27,Gimnasia L.P.,Independiente,1,0,1,0
2025,2025-07-27,Talleres Cordoba,Godoy Cruz,0,0,0,0
2025,2025-07-27,Huracan,Boca Juniors,0,0,1,0
2025,2025-07-27,River Plate,San Lorenzo,0,0,0,0
2025,2025-07-28,Deportivo Riestra,Atletico Tucuman,0,0,1,0
2025,2025-07-28,Central Cordoba de Santiago,Defensa Y Justicia,1,0,2,1
2025,2025-07-28,Banfield,Barracas Central,1,3,1,3
2025,2025-08-07,Godoy Cruz,Gimnasia L.P.,0,2,1,2
2025,2025-08-07,San Lorenzo,Velez Sarsfield,1,0,1,0
2025,2025-08-08,Estudiantes L.P.,Independ. Rivadavia,2,0,2,1
2025,2025-08-08,Tigre,Huracan,0,0,0,1
2025,2025-08-09,Newells Old Boys,Central Cordoba de Santiago,0,0,1,1
2025,2025-08-09,Lanus,Talleres Cordoba,1,0,1,0
2025,2025-08-09,San Martin S.J.,Sarmiento Junin,0,0,0,1
2025,2025-08-09,Boca Juniors,Racing Club,0,0,1,1
2025,2025-08-09,Independiente,River Plate,0,0,0,0
2025,2025-08-09,Belgrano Cordoba,Banfield,1,0,2,1
2025,2025-08-09,Atletico Tucuman,Rosario Central,0,0,0,0
2025,2025-08-10,Instituto Cordoba,Platense,,,,
2025,2025-08-10,Argentinos JRS,Union Santa Fe,,,,
2025,2025-08-11,Defensa Y Justicia,Deportivo Riestra,,,,
2025,2025-08-15,Aldosivi,Belgrano Cordoba,,,,
2025,2025-08-15,Instituto Cordoba,Union Santa Fe,,,,
2025,2025-08-16,Racing Club,Tigre,,,,
2025,2025-08-16,Platense,San Lorenzo,,,,
2025,2025-08-16,Huracan,Argentinos JRS,,,,
2025,2025-08-16,Rosario Central,Deportivo Riestra,,,,
2025,2025-08-16,Velez Sarsfield,Independiente,,,,
2025,2025-08-17,Gimnasia L.P.,Lanus,,,,
2025,2025-08-17,Defensa Y Justicia,Newells Old Boys,,,,
2025,2025-08-17,Banfield,Estudiantes L.P.,,,,
2025,2025-08-17,Central Cordoba de Santiago,Barracas Central,,,,
2025,2025-08-17,River Plate,Godoy Cruz,,,,
2025,2025-08-17,Independ. Rivadavia,Boca Juniors,,,,
2025,2025-08-18,Sarmiento Junin,Atletico Tucuman,,,,
2025,2025-08-19,Talleres Cordoba,San Martin S.J.,,,,
2025,2025-08-22,Barracas Central,Defensa Y Justicia,,,,
2025,2025-08-22,Tigre,Independ. Rivadavia,,,,
2025,2025-08-23,San Lorenzo,Instituto Cordoba,,,,
2025,2025-08-23,Rosario Central,Newells Old Boys,,,,
2025,2025-08-23,Atletico Tucuman,Talleres Cordoba,,,,
2025,2025-08-23,San Martin S.J.,Gimnasia L.P.,,,,
2025,2025-08-24,Union Santa Fe,Huracan,,,,
2025,2025-08-24,Argentinos JRS,Racing Club,,,,
2025,2025-08-24,Boca Juniors,Banfield,,,,
2025,2025-08-24,Independiente,Platense,,,,
2025,2025-08-25,Deportivo Riestra,Sarmiento Junin,,,,
2025,2025-08-25,Godoy Cruz,Velez Sarsfield,,,,
2025,2025-08-25,Belgrano Cordoba,Central Cordoba de Santiago,,,,
2025,2025-08-25,Estudiantes L.P.,Aldosivi,,,,
2025,2025-08-26,Lanus,River Plate,,,,
2025,2025-08-31,Gimnasia L.P.,Atletico Tucuman,,,,
2025,2025-08-31,River Plate,San Martin S.J.,,,,
2025,2025-08-31,Racing Club,Union Santa Fe,,,,
2025,2025-08-31,Velez Sarsfield,Lanus,,,,
2025,2025-08-31,Defensa Y Justicia,Belgrano Cordoba,,,,
2025,2025-08-31,Banfield,Tigre,,,,
2025,2025-08-31,Talleres Cordoba,Deportivo Riestra,,,,
2025,2025-08-31,Newells Old Boys,Barracas Central,,,,
2025,2025-08-31,San Lorenzo,Huracan,,,,
2025,2025-08-31,Aldosivi,Boca Juniors,,,,
2025,2025-08-31,Independ. Rivadavia,Argentinos JRS,,,,
2025,2025-08-31,Sarmiento Junin,Rosario Central,,,,
2025,2025-08-31,Instituto Cordoba,Independiente,,,,
2025,2025-08-31,Platense,Godoy Cruz,,,,
2025,2025-08-31,Central Cordoba de Santiago,Estudiantes L.P.,,,,
2025,2025-09-14,Gimnasia L.P.,Union Santa Fe,,,,
2025,2025-09-14,Racing Club,San Lorenzo,,,,
2025,2025-09-14,Rosario Central,Boca Juniors,,,,
2025,2025-09-14,Godoy Cruz,Barracas Central,,,,
2025,2025-09-14,Belgrano Cordoba,San Martin S.J.,,,,
2025,2025-09-14,Defensa Y Justicia,Platense,,,,
2025,2025-09-14,Huracan,Velez Sarsfield,,,,
2025,2025-09-14,Lanus,Independ. Rivadavia,,,,
2025,2025-09-14,Estudiantes L.P.,River Plate,,,,
2025,2025-09-14,Tigre,Talleres Cordoba,,,,
2025,2025-09-14,Independiente,Banfield,,,,
2025,2025-09-14,Newells Old Boys,Atletico Tucuman,,,,
2025,2025-09-14,Sarmiento Junin,Aldosivi,,,,
2025,2025-09-14,Deportivo Riestra,Central Cordoba de Santiago,,,,
2025,2025-09-14,Instituto Cordoba,Argentinos JRS,,,,
2025,2025-09-21,Rosario Central,Talleres Cordoba,,,,
2025,2025-09-21,Godoy Cruz,Instituto Cordoba,,,,
2025,2025-09-21,Belgrano Cordoba,Newells Old Boys,,,,
2025,2025-09-21,Union Santa Fe,Independ. Rivadavia,,,,
2025,2025-09-21,Huracan,Racing Club,,,,
2025,2025-09-21,Lanus,Platense,,,,
2025,2025-09-21,Estudiantes L.P.,Defensa Y Justicia,,,,
2025,2025-09-21,Boca Juniors,Central Cordoba de Santiago,,,,
2025,2025-09-21,Tigre,Aldosivi,,,,
2025,2025-09-21,Independiente,San Lorenzo,,,,
2025,2025-09-21,Atletico Tucuman,River Plate,,,,
2025,2025-09-21,Argentinos JRS,Banfield,,,,
2025,2025-09-21,San Martin S.J.,Velez Sarsfield,,,,
2025,2025-09-21,Deportivo Riestra,Gimnasia L.P.,,,,
2025,2025-09-21,Barracas Central,Sarmiento Junin,,,,
2025,2025-09-28,Gimnasia L.P.,Rosario Central,,,,
2025,2025-09-28,River Plate,Deportivo Riestra,,,,
2025,2025-09-28,Racing Club,Independiente,,,,
2025,2025-09-28,Defensa Y Justicia,Boca Juniors,,,,
2025,2025-09-28,Banfield,Union Santa Fe,,,,
2025,2025-09-28,Newells Old Boys,Estudiantes L.P.,,,,
2025,2025-09-28,San Lorenzo,Godoy Cruz,,,,
2025,2025-09-28,Aldosivi,Argentinos JRS,,,,
2025,2025-09-28,Independ. Rivadavia,Huracan,,,,
2025,2025-09-28,Instituto Cordoba,Lanus,,,,
2025,2025-09-28,Central Cordoba de Santiago,Tigre,,,,
2025,2025-09-28,Velez Sarsfield,Atletico Tucuman,,,,
2025,2025-09-28,Talleres Cordoba,Sarmiento Junin,,,,
2025,2025-09-28,Platense,San Martin S.J.,,,,
2025,2025-09-28,Barracas Central,Belgrano Cordoba,,,,
2025,2025-10-05,Racing Club,Independ. Rivadavia,,,,
2025,2025-10-05,Rosario Central,River Plate,,,,
2025,2025-10-05,Godoy Cruz,Independiente,,,,
2025,2025-10-05,Union Santa Fe,Aldosivi,,,,
2025,2025-10-05,Lanus,San Lorenzo,,,,
2025,2025-10-05,Estudiantes L.P.,Barracas Central,,,,
2025,2025-10-05,Boca Juniors,Newells Old Boys,,,,
2025,2025-10-05,Tigre,Defensa Y Justicia,,,,
2025,2025-10-05,Atletico Tucuman,Platense,,,,
2025,2025-10-05,Talleres Cordoba,Belgrano Cordoba,,,,
2025,2025-10-05,Argentinos JRS,Central Cordoba de Santiago,,,,
2025,2025-10-05,San Martin S.J.,Instituto Cordoba,,,,
2025,2025-10-05,Sarmiento Junin,Gimnasia L.P.,,,,
2025,2025-10-05,Deportivo Riestra,Velez Sarsfield,,,,
2025,2025-10-05,Huracan,Banfield,,,,
2025,2025-10-12,Gimnasia L.P.,Talleres Cordoba,,,,
2025,2025-10-12,River Plate,Sarmiento Junin,,,,
2025,2025-10-12,Velez Sarsfield,Rosario Central,,,,
2025,2025-10-12,Belgrano Cordoba,Estudiantes L.P.,,,,
2025,2025-10-12,Defensa Y Justicia,Argentinos JRS,,,,
2025,2025-10-12,Banfield,Racing Club,,,,
2025,2025-10-12,Independiente,Lanus,,,,
2025,2025-10-12,Newells Old Boys,Tigre,,,,
2025,2025-10-12,San Lorenzo,San Martin S.J.,,,,
2025,2025-10-12,Aldosivi,Huracan,,,,
2025,2025-10-12,Independ. Rivadavia,Godoy Cruz,,,,
2025,2025-10-12,Instituto Cordoba,Atletico Tucuman,,,,
2025,2025-10-12,Platense,Deportivo Riestra,,,,
2025,2025-10-12,Central Cordoba de Santiago,Union Santa Fe,,,,
2025,2025-10-12,Barracas Central,Boca Juniors,,,,
2025,2025-10-19,Racing Club,Aldosivi,,,,
2025,2025-10-19,Rosario Central,Platense,,,,
2025,2025-10-19,Union Santa Fe,Defensa Y Justicia,,,,
2025,2025-10-19,Huracan,Central Cordoba de Santiago,,,,
2025,2025-10-19,Lanus,Godoy Cruz,,,,
2025,2025-10-19,Estudiantes L.P.,Gimnasia L.P.,,,,
2025,2025-10-19,Boca Juniors,Belgrano Cordoba,,,,
2025,2025-10-19,Tigre,Barracas Central,,,,
2025,2025-10-19,Atletico Tucuman,San Lorenzo,,,,
2025,2025-10-19,Talleres Cordoba,River Plate,,,,
2025,2025-10-19,Argentinos JRS,Newells Old Boys,,,,
2025,2025-10-19,San Martin S.J.,Independiente,,,,
2025,2025-10-19,Independ. Rivadavia,Banfield,,,,
2025,2025-10-19,Sarmiento Junin,Velez Sarsfield,,,,
2025,2025-10-19,Deportivo Riestra,Instituto Cordoba,,,,
2025,2025-11-02,River Plate,Gimnasia L.P.,,,,
2025,2025-11-02,Velez Sarsfield,Talleres Cordoba,,,,
2025,2025-11-02,Godoy Cruz,San Martin S.J.,,,,
2025,2025-11-02,Belgrano Cordoba,Tigre,,,,
2025,2025-11-02,Defensa Y Justicia,Huracan,,,,
2025,2025-11-02,Banfield,Lanus,,,,
2025,2025-11-02,Independiente,Atletico Tucuman,,,,
2025,2025-11-02,Newells Old Boys,Union Santa Fe,,,,
2025,2025-11-02,San Lorenzo,Deportivo Riestra,,,,
2025,2025-11-02,Aldosivi,Independ. Rivadavia,,,,
2025,2025-11-02,Instituto Cordoba,Rosario Central,,,,
2025,2025-11-02,Platense,Sarmiento Junin,,,,
2025,2025-11-02,Central Cordoba de Santiago,Racing Club,,,,
2025,2025-11-02,Barracas Central,Argentinos JRS,,,,
2025,2025-11-02,Estudiantes L.P.,Boca Juniors,,,,
2025,2025-11-09,Gimnasia L.P.,Velez Sarsfield,,,,
2025,2025-11-09,Racing Club,Defensa Y Justicia,,,,
2025,2025-11-09,Rosario Central,San Lorenzo,,,,
2025,2025-11-09,Union Santa Fe,Barracas Central,,,,
2025,2025-11-09,Huracan,Newells Old Boys,,,,
2025,2025-11-09,Banfield,Aldosivi,,,,
2025,2025-11-09,Boca Juniors,River Plate,,,,
2025,2025-11-09,Tigre,Estudiantes L.P.,,,,
2025,2025-11-09,Atletico Tucuman,Godoy Cruz,,,,
2025,2025-11-09,Talleres Cordoba,Platense,,,,
2025,2025-11-09,Argentinos JRS,Belgrano Cordoba,,,,
2025,2025-11-09,San Martin S.J.,Lanus,,,,
2025,2025-11-09,Independ. Rivadavia,Central Cordoba de Santiago,,,,
2025,2025-11-09,Sarmiento Junin,Instituto Cordoba,,,,
2025,2025-11-09,Deportivo Riestra,Independiente,,,,
2025,2025-11-16,Velez Sarsfield,River Plate,,,,
2025,2025-11-16,Godoy Cruz,Deportivo Riestra,,,,
2025,2025-11-16,Belgrano Cordoba,Union Santa Fe,,,,
2025,2025-11-16,Defensa Y Justicia,Independ. Rivadavia,,,,
2025,2025-11-16,Lanus,Atletico Tucuman,,,,
2025,2025-11-16,Estudiantes L.P.,Argentinos JRS,,,,
2025,2025-11-16,Boca Juniors,Tigre,,,,
2025,2025-11-16,Independiente,Rosario Central,,,,
2025,2025-11-16,Newells Old Boys,Racing Club,,,,
2025,2025-11-16,San Lorenzo,Sarmiento Junin,,,,
2025,2025-11-16,Aldosivi,San Martin S.J.,,,,
2025,2025-11-16,Instituto Cordoba,Talleres Cordoba,,,,
2025,2025-11-16,Platense,Gimnasia L.P.,,,,
2025,2025-11-16,Central Cordoba de Santiago,Banfield,,,,
2025,2025-11-16,Barracas Central,Huracan,,,,
