season,date,home,away,ht_home,ht_away,ft_home,ft_away,fixture_id,league_id,home_shots,home_sot,away_shots,away_sot,home_xg_est,away_xg_est
2024,2024-02-16,Shamrock Rovers,Dundalk,0.0,1.0,1.0,1.0,1167362,357,10.0,,8.0,,0.3,0.24
2024,2024-02-16,Derry City,Drogheda United,0.0,0.0,2.0,1.0,1167359,357,16.0,,9.0,,0.48,0.27
2024,2024-02-16,Bohemians,Sligo Rovers,1.0,2.0,2.0,2.0,1167358,357,13.0,,7.0,,0.39,0.21
2024,2024-02-16,Waterford,Shelbourne,1.0,0.0,1.0,1.0,1167361,357,7.0,,7.0,,0.21,0.21
2024,2024-02-16,Galway United,St Patrick's Athl.,0.0,1.0,0.0,1.0,1167360,357,10.0,,11.0,,0.3,0.33
2024,2024-02-23,Dundalk,Galway United,0.0,2.0,0.0,2.0,1167364,357,13.0,,13.0,,0.39,0.39
2024,2024-02-23,St Patrick's Athl.,Bohemians,0.0,0.0,0.0,1.0,1167366,357,14.0,,8.0,,0.42,0.24
2024,2024-02-23,Drogheda United,Waterford,1.0,2.0,1.0,4.0,1167363,357,12.0,,10.0,,0.36,0.3
2024,2024-02-23,Shelbourne,Shamrock Rovers,2.0,0.0,2.0,1.0,1167365,357,8.0,,16.0,,0.24,0.48
2024,2024-02-24,Sligo Rovers,Derry City,0.0,0.0,0.0,0.0,1167367,357,7.0,,12.0,,0.21,0.36
2024,2024-03-01,Derry City,St Patrick's Athl.,0.0,0.0,2.0,1.0,1167369,357,7.0,,8.0,,0.21,0.24
2024,2024-03-01,Sligo Rovers,Shelbourne,0.0,1.0,0.0,1.0,1167371,357,14.0,,7.0,,0.42,0.21
2024,2024-03-01,Galway United,Waterford,0.0,1.0,2.0,1.0,1167370,357,13.0,,9.0,,0.39,0.27
2024,2024-03-04,Dundalk,Sligo Rovers,0.0,4.0,0.0,5.0,1167374,357,8.0,,13.0,,0.24,0.39
2024,2024-03-04,Shamrock Rovers,Derry City,0.0,0.0,2.0,2.0,1167377,357,14.0,,16.0,,0.42,0.48
2024,2024-03-04,Waterford,St Patrick's Athl.,2.0,1.0,3.0,1.0,1167376,357,17.0,,16.0,,0.51,0.48
2024,2024-03-04,Drogheda United,Bohemians,1.0,0.0,2.0,1.0,1167373,357,12.0,,9.0,,0.36,0.27
2024,2024-03-04,Shelbourne,Galway United,1.0,0.0,1.0,0.0,1167375,357,8.0,,16.0,,0.24,0.48
2024,2024-03-08,Derry City,Waterford,2.0,0.0,3.0,0.0,1167379,357,12.0,,6.0,,0.36,0.18
2024,2024-03-08,Bohemians,Shelbourne,0.0,0.0,0.0,2.0,1167378,357,5.0,,14.0,,0.15,0.42
2024,2024-03-08,St Patrick's Athl.,Dundalk,1.0,0.0,1.0,0.0,1167381,357,14.0,,11.0,,0.42,0.33
2024,2024-03-08,Galway United,Drogheda United,0.0,0.0,0.0,0.0,1167380,357,14.0,,5.0,,0.42,0.15
2024,2024-03-09,Sligo Rovers,Shamrock Rovers,0.0,0.0,0.0,0.0,1167382,357,11.0,,17.0,,0.33,0.51
2024,2024-03-15,Dundalk,Waterford,0.0,0.0,0.0,0.0,1167384,357,14.0,,7.0,,0.42,0.21
2024,2024-03-15,Bohemians,Derry City,1.0,0.0,2.0,1.0,1167383,357,8.0,,17.0,,0.24,0.51
2024,2024-03-15,St Patrick's Athl.,Shelbourne,0.0,0.0,1.0,2.0,1167386,357,15.0,,11.0,,0.45,0.33
2024,2024-03-15,Galway United,Shamrock Rovers,0.0,0.0,0.0,1.0,1167385,357,9.0,,17.0,,0.27,0.51
2024,2024-03-16,Sligo Rovers,Drogheda United,2.0,0.0,3.0,1.0,1167387,357,11.0,,19.0,,0.33,0.57
2024,2024-03-29,Shamrock Rovers,Bohemians,0.0,0.0,3.0,1.0,1167392,357,21.0,,4.0,,0.63,0.12
2024,2024-03-29,Derry City,Galway United,0.0,0.0,0.0,1.0,1167388,357,11.0,,7.0,,0.33,0.21
2024,2024-03-29,Waterford,Sligo Rovers,0.0,0.0,0.0,1.0,1167391,357,16.0,,6.0,,0.48,0.18
2024,2024-03-29,Drogheda United,St Patrick's Athl.,0.0,0.0,0.0,0.0,1167389,357,15.0,,9.0,,0.45,0.27
2024,2024-03-29,Shelbourne,Dundalk,0.0,0.0,2.0,1.0,1167390,357,9.0,,5.0,,0.27,0.15
2024,2024-04-01,Dundalk,Drogheda United,0.0,0.0,0.0,0.0,1167393,357,6.0,,9.0,,0.18,0.27
2024,2024-04-01,St Patrick's Athl.,Sligo Rovers,2.0,0.0,3.0,0.0,1167395,357,18.0,,7.0,,0.54,0.21
2024,2024-04-01,Waterford,Shamrock Rovers,0.0,0.0,1.0,2.0,1167396,357,10.0,,11.0,,0.3,0.33
2024,2024-04-01,Shelbourne,Derry City,0.0,0.0,0.0,0.0,1167394,357,3.0,,10.0,,0.09,0.3
2024,2024-04-01,Galway United,Bohemians,0.0,1.0,0.0,2.0,1167397,357,17.0,,19.0,,0.51,0.57
2024,2024-04-05,Derry City,Dundalk,1.0,0.0,4.0,1.0,1167399,357,12.0,,7.0,,0.36,0.21
2024,2024-04-05,Bohemians,Waterford,0.0,1.0,0.0,1.0,1167398,357,14.0,,6.0,,0.42,0.18
2024,2024-04-05,St Patrick's Athl.,Shamrock Rovers,0.0,1.0,2.0,1.0,1167401,357,9.0,,20.0,,0.27,0.6
2024,2024-04-05,Drogheda United,Shelbourne,1.0,1.0,2.0,2.0,1167400,357,11.0,,14.0,,0.33,0.42
2024,2024-04-12,Dundalk,St Patrick's Athl.,0.0,0.0,0.0,0.0,1167404,357,9.0,,12.0,,0.27,0.36
2024,2024-04-12,Waterford,Galway United,0.0,0.0,0.0,0.0,1167406,357,6.0,,13.0,,0.18,0.39
2024,2024-04-12,Drogheda United,Derry City,1.0,2.0,2.0,2.0,1167403,357,10.0,,11.0,,0.3,0.33
2024,2024-04-12,Shelbourne,Bohemians,0.0,2.0,1.0,2.0,1167405,357,15.0,,11.0,,0.45,0.33
2024,2024-04-12,Shamrock Rovers,Sligo Rovers,1.0,0.0,3.0,0.0,1167407,357,21.0,,5.0,,0.63,0.15
2024,2024-04-15,Bohemians,Dundalk,0.0,0.0,1.0,0.0,1167368,357,10.0,,7.0,,0.3,0.21
2024,2024-04-19,Derry City,Shamrock Rovers,0.0,0.0,1.0,3.0,1167409,357,11.0,,10.0,,0.33,0.3
2024,2024-04-19,Bohemians,Drogheda United,1.0,0.0,1.0,0.0,1167408,357,8.0,,10.0,,0.24,0.3
2024,2024-04-19,Sligo Rovers,Dundalk,1.0,0.0,1.0,1.0,1167412,357,19.0,,14.0,,0.57,0.42
2024,2024-04-19,St Patrick's Athl.,Waterford,0.0,1.0,1.0,1.0,1167411,357,13.0,,9.0,,0.39,0.27
2024,2024-04-19,Galway United,Shelbourne,1.0,0.0,1.0,0.0,1167410,357,12.0,,15.0,,0.36,0.45
2024,2024-04-22,Derry City,St Patrick's Athl.,1.0,0.0,3.0,1.0,1167473,357,12.0,,17.0,,0.36,0.51
2024,2024-04-22,Sligo Rovers,Galway United,0.0,0.0,0.0,0.0,1167402,357,10.0,,12.0,,0.3,0.36
2024,2024-04-22,Shelbourne,Shamrock Rovers,0.0,0.0,0.0,0.0,1167474,357,6.0,,11.0,,0.18,0.33
2024,2024-04-26,Dundalk,Bohemians,2.0,0.0,2.0,0.0,1167414,357,19.0,,13.0,,0.57,0.39
2024,2024-04-26,Waterford,Derry City,0.0,1.0,0.0,2.0,1167416,357,13.0,,15.0,,0.39,0.45
2024,2024-04-26,Drogheda United,Sligo Rovers,1.0,1.0,3.0,1.0,1167413,357,21.0,,12.0,,0.63,0.36
2024,2024-04-26,Shelbourne,St Patrick's Athl.,1.0,0.0,1.0,0.0,1167415,357,10.0,,6.0,,0.3,0.18
2024,2024-04-26,Shamrock Rovers,Galway United,0.0,0.0,1.0,1.0,1167417,357,23.0,,3.0,,0.69,0.09
2024,2024-04-29,Shamrock Rovers,Drogheda United,2.0,0.0,4.0,0.0,1167372,357,17.0,,3.0,,0.51,0.09
2024,2024-05-03,Dundalk,Shelbourne,0.0,0.0,0.0,0.0,1167419,357,11.0,,3.0,,0.33,0.09
2024,2024-05-03,Bohemians,Shamrock Rovers,1.0,1.0,1.0,1.0,1167418,357,7.0,,16.0,,0.21,0.48
2024,2024-05-03,Sligo Rovers,Waterford,0.0,0.0,0.0,1.0,1167421,357,14.0,,11.0,,0.42,0.33
2024,2024-05-03,St Patrick's Athl.,Drogheda United,1.0,0.0,1.0,0.0,1167422,357,19.0,,18.0,,0.57,0.54
2024,2024-05-03,Galway United,Derry City,0.0,0.0,0.0,0.0,1167420,357,6.0,,6.0,,0.18,0.18
2024,2024-05-06,Drogheda United,Dundalk,0.0,0.0,2.0,1.0,1167425,357,12.0,,14.0,,0.36,0.42
2024,2024-05-06,Shamrock Rovers,Waterford,1.0,2.0,1.0,3.0,1167426,357,20.0,,8.0,,0.6,0.24
2024,2024-05-06,Bohemians,Galway United,0.0,1.0,0.0,1.0,1167423,357,19.0,,13.0,,0.57,0.39
2024,2024-05-06,Sligo Rovers,St Patrick's Athl.,1.0,0.0,1.0,0.0,1167427,357,7.0,,12.0,,0.21,0.36
2024,2024-05-06,Derry City,Shelbourne,0.0,0.0,1.0,1.0,1167424,357,13.0,,10.0,,0.39,0.3
2024,2024-05-10,Shamrock Rovers,St Patrick's Athl.,1.0,1.0,2.0,2.0,1167432,357,19.0,,9.0,,0.57,0.27
2024,2024-05-10,Derry City,Bohemians,0.0,0.0,1.0,0.0,1167428,357,18.0,,11.0,,0.54,0.33
2024,2024-05-10,Waterford,Dundalk,2.0,1.0,4.0,1.0,1167431,357,7.0,,12.0,,0.21,0.36
2024,2024-05-10,Galway United,Sligo Rovers,0.0,0.0,0.0,0.0,1167429,357,21.0,,7.0,,0.63,0.21
2024,2024-05-10,Shelbourne,Drogheda United,0.0,1.0,1.0,1.0,1167430,357,22.0,,14.0,,0.66,0.42
2024,2024-05-17,Dundalk,Shamrock Rovers,0.0,0.0,1.0,0.0,1167434,357,13.0,,8.0,,0.39,0.24
2024,2024-05-17,Sligo Rovers,Bohemians,0.0,2.0,0.0,3.0,1167437,357,6.0,,9.0,,0.18,0.27
2024,2024-05-17,St Patrick's Athl.,Derry City,0.0,0.0,0.0,1.0,1167436,357,11.0,,12.0,,0.33,0.36
2024,2024-05-17,Drogheda United,Galway United,1.0,1.0,2.0,3.0,1167433,357,14.0,,11.0,,0.42,0.33
2024,2024-05-17,Shelbourne,Waterford,0.0,0.0,1.0,0.0,1167435,357,20.0,,11.0,,0.6,0.33
2024,2024-05-20,St Patrick's Athl.,Shelbourne,0.0,1.0,1.0,2.0,1167478,357,13.0,,8.0,,0.39,0.24
2024,2024-05-20,Shamrock Rovers,Derry City,1.0,0.0,1.0,0.0,1167479,357,16.0,,11.0,,0.48,0.33
2024,2024-05-23,Waterford,Drogheda United,0.0,1.0,4.0,2.0,1167441,357,10.0,,6.0,,0.3,0.18
2024,2024-05-24,Derry City,Sligo Rovers,0.0,1.0,2.0,2.0,1167439,357,24.0,,5.0,,0.72,0.15
2024,2024-05-24,Bohemians,St Patrick's Athl.,1.0,2.0,2.0,2.0,1167438,357,12.0,,10.0,,0.36,0.3
2024,2024-05-24,Galway United,Dundalk,1.0,0.0,2.0,0.0,1167440,357,17.0,,4.0,,0.51,0.12
2024,2024-05-24,Shamrock Rovers,Shelbourne,0.0,1.0,0.0,2.0,1167442,357,17.0,,5.0,,0.51,0.15
2024,2024-05-31,Dundalk,Derry City,0.0,0.0,0.0,0.0,1167444,357,12.0,,15.0,,0.36,0.45
2024,2024-05-31,St Patrick's Athl.,Galway United,1.0,0.0,2.0,1.0,1167446,357,6.0,,17.0,,0.18,0.51
2024,2024-05-31,Waterford,Bohemians,1.0,1.0,2.0,1.0,1167447,357,17.0,,19.0,,0.51,0.57
2024,2024-05-31,Drogheda United,Shamrock Rovers,0.0,0.0,0.0,2.0,1167443,357,14.0,,12.0,,0.42,0.36
2024,2024-05-31,Shelbourne,Sligo Rovers,0.0,1.0,1.0,2.0,1167445,357,19.0,,7.0,,0.57,0.21
2024,2024-06-03,Sligo Rovers,Drogheda United,2.0,0.0,2.0,1.0,1167451,357,14.0,,15.0,,0.42,0.45
2024,2024-06-03,St Patrick's Athl.,Dundalk,2.0,3.0,2.0,3.0,1167452,357,11.0,,12.0,,0.33,0.36
2024,2024-06-03,Derry City,Waterford,3.0,0.0,3.0,0.0,1167449,357,10.0,,15.0,,0.3,0.45
2024,2024-06-07,Derry City,Galway United,0.0,0.0,2.0,0.0,1167453,357,15.0,,6.0,,0.45,0.18
2024,2024-06-07,Waterford,Sligo Rovers,1.0,0.0,4.0,1.0,1167456,357,25.0,,11.0,,0.75,0.33
2024,2024-06-07,Drogheda United,St Patrick's Athl.,0.0,0.0,0.0,0.0,1167454,357,14.0,,12.0,,0.42,0.36
2024,2024-06-07,Shelbourne,Dundalk,0.0,0.0,1.0,0.0,1167455,357,11.0,,7.0,,0.33,0.21
2024,2024-06-13,Dundalk,Sligo Rovers,0.0,0.0,1.0,0.0,1167459,357,15.0,,4.0,,0.45,0.12
2024,2024-06-13,Bohemians,Derry City,1.0,1.0,1.0,2.0,1167458,357,4.0,,16.0,,0.12,0.48
2024,2024-06-13,St Patrick's Athl.,Shamrock Rovers,0.0,1.0,2.0,1.0,1167461,357,12.0,,12.0,,0.36,0.36
2024,2024-06-13,Waterford,Shelbourne,0.0,0.0,0.0,1.0,1167462,357,11.0,,9.0,,0.33,0.27
2024,2024-06-13,Galway United,Drogheda United,1.0,0.0,3.0,0.0,1167460,357,9.0,,8.0,,0.27,0.24
2024,2024-06-28,Dundalk,Waterford,0.0,2.0,0.0,2.0,1167464,357,17.0,,10.0,,0.51,0.3
2024,2024-06-28,Derry City,Drogheda United,2.0,1.0,5.0,1.0,1167463,357,15.0,,7.0,,0.45,0.21
2024,2024-06-28,Sligo Rovers,Shamrock Rovers,0.0,0.0,2.0,0.0,1167466,357,17.0,,18.0,,0.51,0.54
2024,2024-06-28,St Patrick's Athl.,Bohemians,0.0,0.0,0.0,0.0,1167467,357,17.0,,12.0,,0.51,0.36
2024,2024-06-28,Shelbourne,Galway United,2.0,0.0,2.0,0.0,1167465,357,9.0,,12.0,,0.27,0.36
2024,2024-07-04,Sligo Rovers,Derry City,0.0,0.0,2.0,1.0,1167470,357,5.0,,15.0,,0.15,0.45
2024,2024-07-04,Waterford,St Patrick's Athl.,0.0,0.0,1.0,0.0,1167471,357,9.0,,17.0,,0.27,0.51
2024,2024-07-04,Drogheda United,Shelbourne,0.0,1.0,1.0,1.0,1167468,357,13.0,,11.0,,0.39,0.33
2024,2024-07-04,Galway United,Bohemians,0.0,1.0,1.0,1.0,1167469,357,16.0,,11.0,,0.48,0.33
2024,2024-07-04,Shamrock Rovers,Dundalk,1.0,0.0,1.0,0.0,1167472,357,13.0,,12.0,,0.39,0.36
2024,2024-07-12,Dundalk,Drogheda United,2.0,1.0,4.0,2.0,1167476,357,9.0,,17.0,,0.27,0.51
2024,2024-07-12,Bohemians,Sligo Rovers,0.0,1.0,0.0,2.0,1167475,357,27.0,,8.0,,0.81,0.24
2024,2024-07-12,Galway United,Waterford,1.0,0.0,1.0,0.0,1167477,357,10.0,,11.0,,0.3,0.33
2024,2024-07-26,Bohemians,Dundalk,1.0,1.0,1.0,1.0,1167480,357,19.0,,10.0,,0.57,0.3
2024,2024-07-26,Drogheda United,Waterford,1.0,0.0,2.0,0.0,1167481,357,11.0,,9.0,,0.33,0.27
2024,2024-07-27,Sligo Rovers,Galway United,1.0,0.0,2.0,0.0,1167482,357,9.0,,16.0,,0.27,0.48
2024,2024-08-02,Dundalk,Galway United,0.0,0.0,0.0,2.0,1167484,357,18.0,,18.0,,0.54,0.54
2024,2024-08-02,Waterford,Shamrock Rovers,0.0,1.0,1.0,2.0,1167487,357,10.0,,12.0,,0.3,0.36
2024,2024-08-02,Drogheda United,Bohemians,1.0,2.0,2.0,2.0,1167483,357,18.0,,16.0,,0.54,0.48
2024,2024-08-04,St Patrick's Athl.,Sligo Rovers,1.0,1.0,3.0,2.0,1167486,357,15.0,,13.0,,0.45,0.39
2024,2024-08-05,Shelbourne,Derry City,0.0,0.0,0.0,0.0,1167485,357,7.0,,7.0,,0.21,0.21
2024,2024-08-09,Derry City,Dundalk,0.0,1.0,1.0,1.0,1167489,357,23.0,,8.0,,0.69,0.24
2024,2024-08-09,Bohemians,Waterford,2.0,0.0,2.0,3.0,1167488,357,13.0,,18.0,,0.39,0.54
2024,2024-08-10,Sligo Rovers,Shelbourne,1.0,0.0,2.0,1.0,1167492,357,7.0,,13.0,,0.21,0.39
2024,2024-08-11,Galway United,St Patrick's Athl.,0.0,1.0,1.0,1.0,1167490,357,11.0,,3.0,,0.33,0.09
2024,2024-08-11,Shamrock Rovers,Drogheda United,1.0,0.0,1.0,1.0,1167491,357,9.0,,11.0,,0.27,0.33
2024,2024-08-23,Waterford,Derry City,0.0,0.0,0.0,1.0,1167496,357,7.0,,12.0,,0.21,0.36
2024,2024-08-23,Drogheda United,Sligo Rovers,3.0,0.0,7.0,0.0,1167493,357,22.0,,9.0,,0.66,0.27
2024,2024-08-23,Shelbourne,Bohemians,1.0,1.0,1.0,1.0,1167495,357,11.0,,15.0,,0.33,0.45
2024,2024-08-25,Shamrock Rovers,Galway United,0.0,0.0,1.0,1.0,1167497,357,16.0,,9.0,,0.48,0.27
2024,2024-08-30,Dundalk,Shelbourne,0.0,1.0,0.0,1.0,1167499,357,14.0,,10.0,,0.42,0.3
2024,2024-08-30,Galway United,Derry City,0.0,0.0,1.0,0.0,1167500,357,9.0,,14.0,,0.27,0.42
2024,2024-08-31,Sligo Rovers,Waterford,1.0,0.0,2.0,0.0,1167502,357,23.0,,7.0,,0.69,0.21
2024,2024-09-01,Bohemians,Shamrock Rovers,1.0,1.0,2.0,1.0,1167498,357,14.0,,19.0,,0.42,0.57
2024,2024-09-01,St Patrick's Athl.,Drogheda United,2.0,1.0,4.0,1.0,1167501,357,22.0,,12.0,,0.66,0.36
2024,2024-09-05,Dundalk,St Patrick's Athl.,1.0,0.0,1.0,2.0,1167494,357,16.0,,15.0,,0.48,0.45
2024,2024-09-06,Bohemians,Shelbourne,0.0,0.0,1.0,1.0,1167448,357,15.0,,5.0,,0.45,0.15
2024,2024-09-13,Shamrock Rovers,Sligo Rovers,2.0,0.0,4.0,0.0,1167507,357,19.0,,5.0,,0.57,0.15
2024,2024-09-13,Waterford,Dundalk,2.0,0.0,2.0,1.0,1167506,357,15.0,,18.0,,0.45,0.54
2024,2024-09-16,Galway United,Shamrock Rovers,1.0,1.0,1.0,2.0,1167450,357,11.0,,14.0,,0.33,0.42
2024,2024-09-20,Derry City,Shamrock Rovers,0.0,1.0,1.0,1.0,1167509,357,13.0,,9.0,,0.39,0.27
2024,2024-09-20,Bohemians,Drogheda United,0.0,1.0,0.0,1.0,1167508,357,24.0,,9.0,,0.72,0.27
2024,2024-09-20,St Patrick's Athl.,Waterford,2.0,0.0,3.0,0.0,1167511,357,18.0,,15.0,,0.54,0.45
2024,2024-09-20,Galway United,Shelbourne,1.0,0.0,1.0,0.0,1167510,357,18.0,,15.0,,0.54,0.45
2024,2024-09-21,Sligo Rovers,Dundalk,0.0,1.0,2.0,1.0,1167512,357,15.0,,12.0,,0.45,0.36
2024,2024-09-23,Shamrock Rovers,Bohemians,0.0,0.0,1.0,0.0,1167457,357,14.0,,4.0,,0.42,0.12
2024,2024-09-23,Drogheda United,Galway United,0.0,0.0,0.0,0.0,1167504,357,6.0,,10.0,,0.18,0.3
2024,2024-09-27,Dundalk,Bohemians,0.0,0.0,0.0,2.0,1167514,357,16.0,,20.0,,0.48,0.6
2024,2024-09-27,Waterford,Galway United,1.0,0.0,1.0,2.0,1167516,357,10.0,,21.0,,0.3,0.63
2024,2024-09-27,Drogheda United,Derry City,0.0,0.0,2.0,1.0,1167513,357,14.0,,11.0,,0.42,0.33
2024,2024-09-27,Shelbourne,Sligo Rovers,0.0,0.0,0.0,0.0,1167515,357,16.0,,15.0,,0.48,0.45
2024,2024-09-27,Shamrock Rovers,St Patrick's Athl.,0.0,2.0,0.0,3.0,1167517,357,11.0,,12.0,,0.33,0.36
2024,2024-09-30,Shelbourne,St Patrick's Athl.,0.0,1.0,2.0,3.0,1167505,357,17.0,,20.0,,0.51,0.6
2024,2024-10-04,Galway United,Dundalk,1.0,0.0,1.0,1.0,1167520,357,10.0,,14.0,,0.3,0.42
2024,2024-10-06,Shamrock Rovers,Shelbourne,1.0,0.0,2.0,0.0,1167522,357,10.0,,7.0,,0.3,0.21
2024,2024-10-11,Derry City,Bohemians,0.0,1.0,1.0,1.0,1167503,357,19.0,,11.0,,0.57,0.33
2024,2024-10-11,Waterford,Drogheda United,0.0,0.0,0.0,0.0,1167521,357,15.0,,8.0,,0.45,0.24
2024,2024-10-14,Derry City,Sligo Rovers,0.0,1.0,1.0,1.0,1167519,357,13.0,,16.0,,0.39,0.48
2024,2024-10-14,Bohemians,St Patrick's Athl.,0.0,0.0,1.0,3.0,1167518,357,14.0,,17.0,,0.42,0.51
2024,2024-10-18,Dundalk,Derry City,0.0,1.0,0.0,2.0,1167524,357,13.0,,14.0,,0.39,0.42
2024,2024-10-18,St Patrick's Athl.,Galway United,1.0,0.0,2.0,1.0,1167526,357,13.0,,11.0,,0.39,0.33
2024,2024-10-18,Drogheda United,Shamrock Rovers,0.0,0.0,0.0,1.0,1167523,357,5.0,,15.0,,0.15,0.45
2024,2024-10-18,Shelbourne,Waterford,1.0,1.0,3.0,1.0,1167525,357,15.0,,9.0,,0.45,0.27
2024,2024-10-19,Sligo Rovers,Bohemians,0.0,1.0,0.0,2.0,1167527,357,13.0,,9.0,,0.39,0.27
2024,2024-10-25,St Patrick's Athl.,Derry City,1.0,0.0,1.0,0.0,1167531,357,,,,,,
2024,2024-10-25,Waterford,Bohemians,0.0,0.0,1.0,1.0,1167532,357,,,,,,
2024,2024-10-25,Galway United,Sligo Rovers,0.0,1.0,2.0,2.0,1167529,357,,,,,,
2024,2024-10-25,Shelbourne,Drogheda United,1.0,0.0,2.0,1.0,1167530,357,,,,,,
2024,2024-10-27,Dundalk,Shamrock Rovers,0.0,0.0,0.0,1.0,1167528,357,5.0,,13.0,,0.15,0.39
2024,2024-11-01,Shamrock Rovers,Waterford,1.0,0.0,2.0,1.0,1167536,357,13.0,,14.0,,0.39,0.42
2024,2024-11-01,Derry City,Shelbourne,0.0,0.0,0.0,1.0,1167534,357,9.0,,16.0,,0.27,0.48
2024,2024-11-01,Bohemians,Galway United,1.0,1.0,1.0,1.0,1167533,357,10.0,,11.0,,0.3,0.33
2024,2024-11-01,Sligo Rovers,St Patrick's Athl.,0.0,1.0,0.0,2.0,1167537,357,13.0,,17.0,,0.39,0.51
2024,2024-11-01,Drogheda United,Dundalk,0.0,0.0,0.0,0.0,1167535,357,5.0,,22.0,,0.15,0.66
2024,2024-11-16,Bray Wanderers,Drogheda United,0.0,2.0,1.0,3.0,1315706,357,,,,,,
2025,2025-02-14,Cork City,Galway United,1.0,1.0,2.0,2.0,1340521,357,14.0,,14.0,,0.42,0.42
2025,2025-02-14,St Patrick's Athl.,Drogheda United,0.0,0.0,0.0,0.0,1340523,357,15.0,,5.0,,0.45,0.15
2025,2025-02-14,Shelbourne,Derry City,3.0,1.0,3.0,1.0,1340522,357,18.0,,10.0,,0.54,0.3
2025,2025-02-15,Sligo Rovers,Waterford,0.0,2.0,2.0,3.0,1340524,357,25.0,,5.0,,0.75,0.15
2025,2025-02-16,Bohemians,Shamrock Rovers,1.0,0.0,1.0,0.0,1340525,357,7.0,,14.0,,0.21,0.42
2025,2025-02-21,Derry City,Bohemians,1.0,0.0,1.0,0.0,1340526,357,9.0,,8.0,,0.27,0.24
2025,2025-02-21,Waterford,Shelbourne,0.0,1.0,0.0,1.0,1340529,357,12.0,,14.0,,0.36,0.42
2025,2025-02-21,Drogheda United,Sligo Rovers,1.0,0.0,3.0,0.0,1340527,357,11.0,,8.0,,0.33,0.24
2025,2025-02-21,Galway United,St Patrick's Athl.,2.0,1.0,2.0,1.0,1340528,357,12.0,,12.0,,0.36,0.36
2025,2025-02-28,Cork City,Bohemians,1.0,1.0,2.0,1.0,1340531,357,11.0,,21.0,,0.33,0.63
2025,2025-02-28,Derry City,Waterford,0.0,2.0,1.0,2.0,1340532,357,15.0,,9.0,,0.45,0.27
2025,2025-02-28,St Patrick's Athl.,Sligo Rovers,2.0,1.0,4.0,3.0,1340535,357,17.0,,7.0,,0.51,0.21
2025,2025-02-28,Drogheda United,Galway United,1.0,0.0,1.0,1.0,1340533,357,14.0,,11.0,,0.42,0.33
2025,2025-02-28,Shelbourne,Shamrock Rovers,1.0,1.0,1.0,1.0,1340534,357,16.0,,11.0,,0.48,0.33
2025,2025-03-03,Bohemians,Drogheda United,0.0,1.0,0.0,1.0,1340536,357,,,,,,
2025,2025-03-03,Sligo Rovers,Shamrock Rovers,1.0,0.0,2.0,1.0,1340538,357,,,,,,
2025,2025-03-03,St Patrick's Athl.,Derry City,1.0,0.0,2.0,0.0,1340539,357,,,,,,
2025,2025-03-03,Waterford,Cork City,0.0,1.0,2.0,1.0,1340540,357,,,,,,
2025,2025-03-03,Galway United,Shelbourne,0.0,0.0,1.0,1.0,1340537,357,,,,,,
2025,2025-03-07,Shamrock Rovers,St Patrick's Athl.,0.0,0.0,1.0,0.0,1340545,357,11.0,,10.0,,0.33,0.3
2025,2025-03-07,Cork City,Sligo Rovers,0.0,1.0,1.0,1.0,1340541,357,22.0,,8.0,,0.66,0.24
2025,2025-03-07,Derry City,Galway United,0.0,1.0,1.0,1.0,1340542,357,24.0,,6.0,,0.72,0.18
2025,2025-03-07,Waterford,Bohemians,0.0,3.0,0.0,3.0,1340544,357,11.0,,6.0,,0.33,0.18
2025,2025-03-07,Shelbourne,Drogheda United,0.0,1.0,0.0,1.0,1340543,357,17.0,,9.0,,0.51,0.27
2025,2025-03-14,St Patrick's Athl.,Bohemians,1.0,0.0,3.0,0.0,1340549,357,11.0,,11.0,,0.33,0.33
2025,2025-03-14,Drogheda United,Shamrock Rovers,1.0,1.0,1.0,2.0,1340546,357,12.0,,19.0,,0.36,0.57
2025,2025-03-14,Galway United,Waterford,0.0,0.0,1.0,0.0,1340547,357,18.0,,10.0,,0.54,0.3
2025,2025-03-14,Shelbourne,Cork City,0.0,0.0,1.0,1.0,1340548,357,19.0,,8.0,,0.57,0.24
2025,2025-03-15,Sligo Rovers,Derry City,0.0,1.0,0.0,1.0,1340550,357,8.0,,7.0,,0.24,0.21
2025,2025-03-28,Cork City,Drogheda United,1.0,0.0,1.0,1.0,1340552,357,14.0,,23.0,,0.42,0.69
2025,2025-03-28,Bohemians,Galway United,0.0,1.0,0.0,2.0,1340551,357,31.0,,6.0,,0.93,0.18
2025,2025-03-28,Sligo Rovers,Shelbourne,1.0,2.0,1.0,2.0,1340555,357,15.0,,10.0,,0.45,0.3
2025,2025-03-28,Waterford,St Patrick's Athl.,1.0,0.0,1.0,2.0,1340553,357,10.0,,19.0,,0.3,0.57
2025,2025-03-28,Shamrock Rovers,Derry City,0.0,0.0,0.0,0.0,1340554,357,12.0,,8.0,,0.36,0.24
2025,2025-04-04,Derry City,Cork City,0.0,1.0,2.0,1.0,1340557,357,18.0,,4.0,,0.54,0.12
2025,2025-04-04,Bohemians,Sligo Rovers,2.0,2.0,4.0,2.0,1340556,357,25.0,,12.0,,0.75,0.36
2025,2025-04-04,St Patrick's Athl.,Shelbourne,0.0,0.0,0.0,0.0,1340560,357,17.0,,10.0,,0.51,0.3
2025,2025-04-04,Drogheda United,Waterford,1.0,0.0,2.0,0.0,1340558,357,15.0,,7.0,,0.45,0.21
2025,2025-04-04,Galway United,Shamrock Rovers,0.0,0.0,0.0,1.0,1340559,357,9.0,,9.0,,0.27,0.27
2025,2025-04-11,Cork City,St Patrick's Athl.,0.0,2.0,0.0,2.0,1340561,357,,,,,,
2025,2025-04-11,Derry City,Drogheda United,0.0,0.0,1.0,3.0,1340562,357,,,,,,
2025,2025-04-11,Shelbourne,Bohemians,0.0,0.0,1.0,0.0,1340563,357,,,,,,
2025,2025-04-11,Shamrock Rovers,Waterford,1.0,0.0,2.0,0.0,1340564,357,,,,,,
2025,2025-04-12,Sligo Rovers,Galway United,0.0,1.0,1.0,2.0,1340565,357,,,,,,
2025,2025-04-14,Shamrock Rovers,Cork City,2.0,0.0,4.0,1.0,1340530,357,,,,,,
2025,2025-04-18,Bohemians,Cork City,0.0,0.0,1.0,0.0,1340566,357,16.0,,16.0,,0.48,0.48
2025,2025-04-18,St Patrick's Athl.,Shamrock Rovers,1.0,1.0,2.0,2.0,1340569,357,7.0,,12.0,,0.21,0.36
2025,2025-04-18,Waterford,Sligo Rovers,0.0,2.0,0.0,4.0,1340570,357,11.0,,13.0,,0.33,0.39
2025,2025-04-18,Drogheda United,Shelbourne,2.0,1.0,2.0,2.0,1340567,357,5.0,,27.0,,0.15,0.81
2025,2025-04-18,Galway United,Derry City,1.0,1.0,2.0,3.0,1340568,357,15.0,,15.0,,0.45,0.45
2025,2025-04-21,Shamrock Rovers,Bohemians,2.0,0.0,2.0,3.0,1340574,357,10.0,,11.0,,0.3,0.33
2025,2025-04-21,Cork City,Waterford,0.0,0.0,2.0,1.0,1340571,357,17.0,,6.0,,0.51,0.18
2025,2025-04-21,Drogheda United,St Patrick's Athl.,0.0,0.0,0.0,0.0,1340573,357,15.0,,7.0,,0.45,0.21
2025,2025-04-21,Shelbourne,Galway United,1.0,1.0,2.0,2.0,1340575,357,33.0,,16.0,,0.99,0.48
2025,2025-04-22,Derry City,Sligo Rovers,2.0,0.0,3.0,0.0,1340572,357,16.0,,9.0,,0.48,0.27
2025,2025-04-25,Shamrock Rovers,Shelbourne,1.0,0.0,2.0,2.0,1340579,357,17.0,,7.0,,0.51,0.21
2025,2025-04-25,Bohemians,St Patrick's Athl.,0.0,1.0,2.0,1.0,1340576,357,16.0,,8.0,,0.48,0.24
2025,2025-04-25,Waterford,Derry City,1.0,0.0,2.0,1.0,1340578,357,10.0,,15.0,,0.3,0.45
2025,2025-04-25,Galway United,Drogheda United,0.0,1.0,2.0,1.0,1340577,357,13.0,,19.0,,0.39,0.57
2025,2025-04-26,Sligo Rovers,Cork City,0.0,0.0,1.0,1.0,1340580,357,9.0,,2.0,,0.27,0.06
2025,2025-05-02,Cork City,Shamrock Rovers,0.0,1.0,1.0,1.0,1340582,357,11.0,,15.0,,0.33,0.45
2025,2025-05-02,Derry City,Shelbourne,2.0,0.0,2.0,0.0,1340583,357,9.0,,6.0,,0.27,0.18
2025,2025-05-02,Bohemians,Waterford,0.0,1.0,1.0,2.0,1340581,357,22.0,,5.0,,0.66,0.15
2025,2025-05-02,Sligo Rovers,Drogheda United,0.0,1.0,2.0,2.0,1340584,357,8.0,,14.0,,0.24,0.42
2025,2025-05-02,St Patrick's Athl.,Galway United,2.0,0.0,2.0,0.0,1340585,357,12.0,,26.0,,0.36,0.78
2025,2025-05-05,Drogheda United,Cork City,1.0,1.0,3.0,2.0,1340587,357,17.0,,5.0,,0.51,0.15
2025,2025-05-05,Galway United,Bohemians,1.0,0.0,1.0,2.0,1340588,357,18.0,,18.0,,0.54,0.54
2025,2025-05-05,Shelbourne,Waterford,0.0,1.0,0.0,1.0,1340590,357,27.0,,11.0,,0.81,0.33
2025,2025-05-05,Shamrock Rovers,Sligo Rovers,2.0,0.0,2.0,0.0,1340589,357,17.0,,10.0,,0.51,0.3
2025,2025-05-05,Derry City,St Patrick's Athl.,0.0,0.0,1.0,0.0,1340586,357,10.0,,9.0,,0.3,0.27
2025,2025-05-09,Shamrock Rovers,Drogheda United,0.0,0.0,3.0,0.0,1340594,357,13.0,,5.0,,0.39,0.15
2025,2025-05-09,Cork City,Derry City,0.0,1.0,1.0,2.0,1340591,357,11.0,,10.0,,0.33,0.3
2025,2025-05-09,Waterford,Galway United,1.0,0.0,1.0,0.0,1340593,357,15.0,,11.0,,0.45,0.33
2025,2025-05-09,Shelbourne,St Patrick's Athl.,0.0,1.0,2.0,1.0,1340592,357,9.0,,16.0,,0.27,0.48
2025,2025-05-10,Sligo Rovers,Bohemians,0.0,0.0,0.0,1.0,1340595,357,9.0,,20.0,,0.27,0.6
2025,2025-05-16,Bohemians,Shelbourne,1.0,0.0,1.0,0.0,1340596,357,16.0,,11.0,,0.48,0.33
2025,2025-05-16,St Patrick's Athl.,Cork City,1.0,0.0,3.0,2.0,1340599,357,15.0,,10.0,,0.45,0.3
2025,2025-05-16,Waterford,Shamrock Rovers,1.0,1.0,1.0,3.0,1340600,357,9.0,,13.0,,0.27,0.39
2025,2025-05-16,Drogheda United,Derry City,1.0,0.0,1.0,1.0,1340597,357,7.0,,7.0,,0.21,0.21
2025,2025-05-16,Galway United,Sligo Rovers,0.0,0.0,0.0,1.0,1340598,357,16.0,,11.0,,0.48,0.33
2025,2025-05-19,Shelbourne,Drogheda United,0.0,0.0,0.0,0.0,1340636,357,15.0,,11.0,,0.45,0.33
2025,2025-05-19,Shamrock Rovers,St Patrick's Athl.,2.0,0.0,4.0,0.0,1340637,357,18.0,,19.0,,0.54,0.57
2025,2025-05-23,Derry City,Shamrock Rovers,0.0,0.0,1.0,2.0,1340601,357,10.0,,12.0,,0.3,0.36
2025,2025-05-23,St Patrick's Athl.,Waterford,2.0,1.0,2.0,2.0,1340605,357,9.0,,17.0,,0.27,0.51
2025,2025-05-23,Drogheda United,Bohemians,0.0,0.0,1.0,0.0,1340602,357,9.0,,14.0,,0.27,0.42
2025,2025-05-23,Galway United,Cork City,0.0,0.0,2.0,1.0,1340603,357,14.0,,9.0,,0.42,0.27
2025,2025-05-23,Shelbourne,Sligo Rovers,2.0,1.0,3.0,2.0,1340604,357,29.0,,12.0,,0.87,0.36
2025,2025-05-30,Cork City,Shelbourne,0.0,0.0,1.0,1.0,1340607,357,16.0,,10.0,,0.48,0.3
2025,2025-05-30,Bohemians,Derry City,1.0,0.0,1.0,0.0,1340606,357,19.0,,7.0,,0.57,0.21
2025,2025-05-30,Sligo Rovers,St Patrick's Athl.,0.0,1.0,0.0,1.0,1340609,357,9.0,,20.0,,0.27,0.6
2025,2025-05-30,Waterford,Drogheda United,1.0,1.0,2.0,2.0,1340608,357,20.0,,15.0,,0.6,0.45
2025,2025-05-30,Shamrock Rovers,Galway United,0.0,0.0,0.0,0.0,1340610,357,23.0,,8.0,,0.69,0.24
2025,2025-06-13,Cork City,Bohemians,0.0,2.0,0.0,2.0,1340611,357,7.0,,17.0,,0.21,0.51
2025,2025-06-13,Derry City,Galway United,1.0,1.0,1.0,1.0,1340612,357,19.0,,5.0,,0.57,0.15
2025,2025-06-13,St Patrick's Athl.,Drogheda United,0.0,0.0,0.0,0.0,1340614,357,19.0,,8.0,,0.57,0.24
2025,2025-06-13,Shelbourne,Shamrock Rovers,1.0,1.0,1.0,2.0,1340613,357,8.0,,16.0,,0.24,0.48
2025,2025-06-14,Sligo Rovers,Waterford,1.0,0.0,1.0,0.0,1340615,357,6.0,,15.0,,0.18,0.45
2025,2025-06-16,St Patrick's Athl.,Shelbourne,0.0,1.0,0.0,1.0,1340642,357,13.0,,3.0,,0.39,0.09
2025,2025-06-16,Drogheda United,Shamrock Rovers,1.0,1.0,1.0,2.0,1340641,357,11.0,,11.0,,0.33,0.33
2025,2025-06-20,Shamrock Rovers,Cork City,3.0,0.0,4.0,1.0,1340620,357,15.0,,12.0,,0.45,0.36
2025,2025-06-20,Waterford,Bohemians,2.0,0.0,2.0,1.0,1340619,357,17.0,,16.0,,0.51,0.48
2025,2025-06-20,Drogheda United,Sligo Rovers,1.0,0.0,1.0,0.0,1340616,357,16.0,,15.0,,0.48,0.45
2025,2025-06-20,Galway United,St Patrick's Athl.,3.0,1.0,3.0,1.0,1340617,357,15.0,,22.0,,0.45,0.66
2025,2025-06-20,Shelbourne,Derry City,0.0,0.0,0.0,1.0,1340618,357,10.0,,7.0,,0.3,0.21
2025,2025-06-23,Cork City,Drogheda United,0.0,1.0,1.0,1.0,1340622,357,22.0,,3.0,,0.66,0.09
2025,2025-06-23,Bohemians,Shamrock Rovers,2.0,0.0,2.0,0.0,1340621,357,18.0,,12.0,,0.54,0.36
2025,2025-06-23,Sligo Rovers,Galway United,1.0,0.0,2.0,1.0,1340623,357,14.0,,20.0,,0.42,0.6
2025,2025-06-23,St Patrick's Athl.,Derry City,0.0,1.0,0.0,1.0,1340624,357,14.0,,5.0,,0.42,0.15
2025,2025-06-23,Waterford,Shelbourne,1.0,1.0,2.0,2.0,1340625,357,6.0,,21.0,,0.18,0.63
2025,2025-06-27,Cork City,St Patrick's Athl.,0.0,0.0,0.0,0.0,1340627,357,10.0,,10.0,,0.3,0.3
2025,2025-06-27,Derry City,Drogheda United,2.0,0.0,3.0,0.0,1340628,357,20.0,,7.0,,0.6,0.21
2025,2025-06-27,Bohemians,Sligo Rovers,0.0,1.0,1.0,1.0,1340626,357,29.0,,8.0,,0.87,0.24
2025,2025-06-27,Galway United,Shelbourne,0.0,1.0,1.0,1.0,1340629,357,14.0,,17.0,,0.42,0.51
2025,2025-06-27,Shamrock Rovers,Waterford,0.0,0.0,1.0,0.0,1340630,357,23.0,,6.0,,0.69,0.18
2025,2025-07-04,Derry City,Waterford,4.0,0.0,7.0,2.0,1340631,357,14.0,,6.0,,0.42,0.18
2025,2025-07-04,St Patrick's Athl.,Bohemians,0.0,0.0,0.0,0.0,1340634,357,13.0,,9.0,,0.39,0.27
2025,2025-07-04,Drogheda United,Galway United,0.0,0.0,1.0,0.0,1340632,357,8.0,,13.0,,0.24,0.39
2025,2025-07-04,Shelbourne,Cork City,2.0,1.0,3.0,1.0,1340633,357,16.0,,6.0,,0.48,0.18
2025,2025-07-05,Sligo Rovers,Shamrock Rovers,2.0,1.0,2.0,2.0,1340635,357,8.0,,22.0,,0.24,0.66
2025,2025-07-11,Bohemians,Galway United,0.0,0.0,3.0,0.0,1340638,357,14.0,,18.0,,0.42,0.54
2025,2025-07-11,Waterford,Cork City,2.0,0.0,2.0,0.0,1340639,357,15.0,,20.0,,0.45,0.6
2025,2025-07-12,Sligo Rovers,Derry City,2.0,0.0,2.0,0.0,1340640,357,14.0,,11.0,,0.42,0.33
2025,2025-07-25,Cork City,Sligo Rovers,1.0,0.0,2.0,3.0,1340643,357,16.0,,17.0,,0.48,0.51
2025,2025-07-25,Derry City,Bohemians,1.0,0.0,1.0,1.0,1340644,357,21.0,,6.0,,0.63,0.18
2025,2025-07-25,Galway United,Waterford,0.0,1.0,2.0,4.0,1340645,357,21.0,,11.0,,0.63,0.33
2025,2025-08-01,Cork City,Galway United,1.0,0.0,1.0,0.0,1340647,357,6.0,,17.0,,0.18,0.51
2025,2025-08-01,Bohemians,Drogheda United,0.0,0.0,0.0,1.0,1340646,357,18.0,,7.0,,0.54,0.21
2025,2025-08-02,Sligo Rovers,Shelbourne,0.0,0.0,0.0,2.0,1340650,357,6.0,,9.0,,0.18,0.27
2025,2025-08-03,Waterford,St Patrick's Athl.,0.0,1.0,0.0,2.0,1340648,357,6.0,,12.0,,0.18,0.36
2025,2025-08-03,Shamrock Rovers,Derry City,0.0,0.0,2.0,0.0,1340649,357,11.0,,7.0,,0.33,0.21
2025,2025-08-08,Derry City,Cork City,0.0,0.0,0.0,0.0,1340651,357,13.0,,3.0,,0.39,0.09
2025,2025-08-08,Drogheda United,Waterford,0.0,0.0,0.0,0.0,1340652,357,16.0,,7.0,,0.48,0.21
2025,2025-08-09,Shelbourne,Bohemians,1.0,1.0,2.0,2.0,1340654,357,14.0,,14.0,,0.42,0.42
2025,2025-08-10,Galway United,Shamrock Rovers,0.0,0.0,0.0,0.0,1340653,357,13.0,,4.0,,0.39,0.12
2025,2025-08-10,St Patrick's Athl.,Sligo Rovers,0.0,0.0,3.0,0.0,1340655,357,30.0,,6.0,,0.9,0.18
2025,2025-08-22,Bohemians,Cork City,,,,,1340656,357,,,,,,
2025,2025-08-22,Waterford,Sligo Rovers,,,,,1340659,357,,,,,,
2025,2025-08-22,Drogheda United,St Patrick's Athl.,,,,,1340657,357,,,,,,
2025,2025-08-22,Galway United,Derry City,,,,,1340658,357,,,,,,
2025,2025-08-22,Shamrock Rovers,Shelbourne,,,,,1340660,357,,,,,,
2025,2025-08-29,Cork City,Waterford,,,,,1340661,357,,,,,,
2025,2025-08-29,Derry City,St Patrick's Athl.,,,,,1340662,357,,,,,,
2025,2025-08-29,Shelbourne,Galway United,,,,,1340663,357,,,,,,
2025,2025-08-29,Shamrock Rovers,Drogheda United,,,,,1340664,357,,,,,,
2025,2025-08-30,Sligo Rovers,Bohemians,,,,,1340665,357,,,,,,
2025,2025-09-12,Bohemians,Derry City,,,,,1340666,357,,,,,,
2025,2025-09-12,St Patrick's Athl.,Cork City,,,,,1340669,357,,,,,,
2025,2025-09-12,Waterford,Shamrock Rovers,,,,,1340670,357,,,,,,
2025,2025-09-12,Drogheda United,Shelbourne,,,,,1340667,357,,,,,,
2025,2025-09-12,Galway United,Sligo Rovers,,,,,1340668,357,,,,,,
2025,2025-09-19,Cork City,Shamrock Rovers,,,,,1340672,357,,,,,,
2025,2025-09-19,Derry City,Shelbourne,,,,,1340673,357,,,,,,
2025,2025-09-19,Bohemians,Waterford,,,,,1340671,357,,,,,,
2025,2025-09-19,St Patrick's Athl.,Galway United,,,,,1340674,357,,,,,,
2025,2025-09-20,Sligo Rovers,Drogheda United,,,,,1340675,357,,,,,,
2025,2025-09-26,Drogheda United,Derry City,,,,,1340676,357,,,,,,
2025,2025-09-26,Galway United,Cork City,,,,,1340677,357,,,,,,
2025,2025-09-26,Shelbourne,Waterford,,,,,1340678,357,,,,,,
2025,2025-09-26,Shamrock Rovers,Bohemians,,,,,1340679,357,,,,,,
2025,2025-09-27,Sligo Rovers,St Patrick's Athl.,,,,,1340680,357,,,,,,
2025,2025-10-03,Cork City,Shelbourne,,,,,1340682,357,,,,,,
2025,2025-10-03,Derry City,Sligo Rovers,,,,,1340683,357,,,,,,
2025,2025-10-03,Bohemians,St Patrick's Athl.,,,,,1340681,357,,,,,,
2025,2025-10-03,Waterford,Drogheda United,,,,,1340684,357,,,,,,
2025,2025-10-03,Shamrock Rovers,Galway United,,,,,1340685,357,,,,,,
2025,2025-10-17,St Patrick's Athl.,Shamrock Rovers,,,,,1340689,357,,,,,,
2025,2025-10-17,Waterford,Derry City,,,,,1340690,357,,,,,,
2025,2025-10-17,Drogheda United,Cork City,,,,,1340686,357,,,,,,
2025,2025-10-17,Galway United,Bohemians,,,,,1340687,357,,,,,,
2025,2025-10-17,Shelbourne,Sligo Rovers,,,,,1340688,357,,,,,,
2025,2025-10-24,Derry City,Shamrock Rovers,,,,,1340692,357,,,,,,
2025,2025-10-24,Bohemians,Shelbourne,,,,,1340691,357,,,,,,
2025,2025-10-24,St Patrick's Athl.,Waterford,,,,,1340694,357,,,,,,
2025,2025-10-24,Galway United,Drogheda United,,,,,1340693,357,,,,,,
2025,2025-10-25,Sligo Rovers,Cork City,,,,,1340695,357,,,,,,
2025,2025-11-01,Shamrock Rovers,Sligo Rovers,,,,,1340698,357,,,,,,
2025,2025-11-01,Cork City,Derry City,,,,,1340696,357,,,,,,
2025,2025-11-01,Waterford,Galway United,,,,,1340700,357,,,,,,
2025,2025-11-01,Drogheda United,Bohemians,,,,,1340697,357,,,,,,
2025,2025-11-01,Shelbourne,St Patrick's Athl.,,,,,1340699,357,,,,,,
