season,date,home,away,ht_home,ht_away,ft_home,ft_away,fixture_id,league_id,odds_home,odds_draw,odds_away,odds_over25,odds_under25,odds_btts_yes,odds_btts_no,odds_updated_at,home_win_odds,draw_odds,away_win_odds
2022,2022-08-05,Crystal Palace,Arsenal,0,1,0,2,867946,39,,,,,,,,,,,
2022,2022-08-06,Fulham,Liverpool,1,0,2,2,867947,39,,,,,,,,,,,
2022,2022-08-06,Newcastle,Nottingham Forest,0,0,2,0,867951,39,,,,,,,,,,,
2022,2022-08-06,Bournemouth,Aston Villa,1,0,2,0,867948,39,,,,,,,,,,,
2022,2022-08-06,Tottenham,Southampton,2,1,4,1,867952,39,,,,,,,,,,,
2022,2022-08-06,Leeds,Wolves,1,1,2,1,867949,39,,,,,,,,,,,
2022,2022-08-06,Everton,Chelsea,0,1,0,1,867953,39,,,,,,,,,,,
2022,2022-08-07,Manchester United,Brighton,0,2,1,2,867954,39,,,,,,,,,,,
2022,2022-08-07,Leicester,Brentford,1,0,2,2,867950,39,,,,,,,,,,,
2022,2022-08-07,West Ham,Manchester City,0,1,0,2,867955,39,,,,,,,,,,,
2022,2022-08-13,Aston Villa,Everton,1,0,2,1,867957,39,,,,,,,,,,,
2022,2022-08-13,Wolves,Fulham,0,0,0,0,867965,39,,,,,,,,,,,
2022,2022-08-13,Southampton,Leeds,0,0,2,2,867964,39,,,,,,,,,,,
2022,2022-08-13,Arsenal,Leicester,2,0,4,2,867956,39,,,,,,,,,,,
2022,2022-08-13,Manchester City,Bournemouth,3,0,4,0,867962,39,,,,,,,,,,,
2022,2022-08-13,Brighton,Newcastle,0,0,0,0,867959,39,,,,,,,,,,,
2022,2022-08-13,Brentford,Manchester United,4,0,4,0,867958,39,,,,,,,,,,,
2022,2022-08-14,Nottingham Forest,West Ham,1,0,1,0,867963,39,,,,,,,,,,,
2022,2022-08-14,Chelsea,Tottenham,1,0,2,2,867960,39,,,,,,,,,,,
2022,2022-08-15,Liverpool,Crystal Palace,0,1,1,1,867961,39,,,,,,,,,,,
2022,2022-08-20,Tottenham,Wolves,0,0,1,0,867974,39,,,,,,,,,,,
2022,2022-08-20,Fulham,Brentford,2,1,3,2,867969,39,,,,,,,,,,,
2022,2022-08-20,Everton,Nottingham Forest,0,0,1,1,867968,39,,,,,,,,,,,
2022,2022-08-20,Leicester,Southampton,0,0,1,2,867971,39,,,,,,,,,,,
2022,2022-08-20,Crystal Palace,Aston Villa,1,1,3,1,867967,39,,,,,,,,,,,
2022,2022-08-20,Bournemouth,Arsenal,0,2,0,3,867966,39,,,,,,,,,,,
2022,2022-08-21,West Ham,Brighton,0,1,0,2,867975,39,,,,,,,,,,,
2022,2022-08-21,Leeds,Chelsea,2,0,3,0,867970,39,,,,,,,,,,,
2022,2022-08-21,Newcastle,Manchester City,2,1,3,3,867973,39,,,,,,,,,,,
2022,2022-08-22,Manchester United,Liverpool,1,0,2,1,867972,39,,,,,,,,,,,
2022,2022-08-27,Southampton,Manchester United,0,0,0,1,867984,39,,,,,,,,,,,
2022,2022-08-27,Liverpool,Bournemouth,5,0,9,0,867981,39,,,,,,,,,,,
2022,2022-08-27,Chelsea,Leicester,0,0,2,1,867980,39,,,,,,,,,,,
2022,2022-08-27,Manchester City,Crystal Palace,0,2,4,2,867982,39,,,,,,,,,,,
2022,2022-08-27,Brighton,Leeds,0,0,1,0,867979,39,,,,,,,,,,,
2022,2022-08-27,Brentford,Everton,0,1,1,1,867978,39,,,,,,,,,,,
2022,2022-08-27,Arsenal,Fulham,0,0,2,1,867976,39,,,,,,,,,,,
2022,2022-08-28,Wolves,Newcastle,1,0,1,1,867985,39,,,,,,,,,,,
2022,2022-08-28,Aston Villa,West Ham,0,0,0,1,867977,39,,,,,,,,,,,
2022,2022-08-28,Nottingham Forest,Tottenham,0,1,0,2,867983,39,,,,,,,,,,,
2022,2022-08-30,Fulham,Brighton,0,0,2,1,867988,39,,,,,,,,,,,
2022,2022-08-30,Crystal Palace,Brentford,0,0,1,1,867992,39,,,,,,,,,,,
2022,2022-08-30,Southampton,Chelsea,2,1,2,1,867993,39,,,,,,,,,,,
2022,2022-08-30,Leeds,Everton,0,1,1,1,867989,39,,,,,,,,,,,
2022,2022-08-31,Bournemouth,Wolves,0,0,0,0,867986,39,,,,,,,,,,,
2022,2022-08-31,Arsenal,Aston Villa,1,0,2,1,867987,39,,,,,,,,,,,
2022,2022-08-31,Manchester City,Nottingham Forest,3,0,6,0,867995,39,,,,,,,,,,,
2022,2022-08-31,West Ham,Tottenham,0,1,1,1,867991,39,,,,,,,,,,,
2022,2022-08-31,Liverpool,Newcastle,0,1,2,1,867994,39,,,,,,,,,,,
2022,2022-09-01,Leicester,Manchester United,0,1,0,1,867990,39,,,,,,,,,,,
2022,2022-09-03,Everton,Liverpool,0,0,0,0,868000,39,,,,,,,,,,,
2022,2022-09-03,Newcastle,Crystal Palace,0,0,0,0,868002,39,,,,,,,,,,,
2022,2022-09-03,Wolves,Southampton,1,0,1,0,868005,39,,,,,,,,,,,
2022,2022-09-03,Tottenham,Fulham,1,0,2,1,868004,39,,,,,,,,,,,
2022,2022-09-03,Chelsea,West Ham,0,0,2,1,867999,39,,,,,,,,,,,
2022,2022-09-03,Brentford,Leeds,2,1,5,2,867997,39,,,,,,,,,,,
2022,2022-09-03,Nottingham Forest,Bournemouth,2,0,2,3,868003,39,,,,,,,,,,,
2022,2022-09-03,Aston Villa,Manchester City,0,0,1,1,867996,39,,,,,,,,,,,
2022,2022-09-04,Brighton,Leicester,2,2,5,2,867998,39,,,,,,,,,,,
2022,2022-09-04,Manchester United,Arsenal,1,0,3,1,868001,39,,,,,,,,,,,
2022,2022-09-16,Nottingham Forest,Fulham,1,0,2,3,868023,39,,,,,,,,,,,
2022,2022-09-16,Aston Villa,Southampton,1,0,1,0,868016,39,,,,,,,,,,,
2022,2022-09-17,Wolves,Manchester City,0,2,0,3,868025,39,,,,,,,,,,,
2022,2022-09-17,Newcastle,Bournemouth,0,0,1,1,868022,39,,,,,,,,,,,
2022,2022-09-17,Tottenham,Leicester,2,2,6,2,868024,39,,,,,,,,,,,
2022,2022-09-18,Brentford,Arsenal,0,2,0,3,868017,39,,,,,,,,,,,
2022,2022-09-18,Everton,West Ham,0,0,1,0,868020,39,,,,,,,,,,,
2022,2022-10-01,Arsenal,Tottenham,1,1,3,1,868027,39,,,,,,,,,,,
2022,2022-10-01,Bournemouth,Brentford,0,0,0,0,868026,39,,,,,,,,,,,
2022,2022-10-01,Fulham,Newcastle,0,3,1,4,868029,39,,,,,,,,,,,
2022,2022-10-01,Liverpool,Brighton,1,2,3,3,868032,39,,,,,,,,,,,
2022,2022-10-01,Southampton,Everton,0,0,1,2,868034,39,,,,,,,,,,,
2022,2022-10-01,Crystal Palace,Chelsea,1,1,1,2,868028,39,,,,,,,,,,,
2022,2022-10-01,West Ham,Wolves,1,0,2,0,868035,39,,,,,,,,,,,
2022,2022-10-02,Manchester City,Manchester United,4,0,6,3,868033,39,,,,,,,,,,,
2022,2022-10-02,Leeds,Aston Villa,0,0,0,0,868030,39,,,,,,,,,,,
2022,2022-10-03,Leicester,Nottingham Forest,3,0,4,0,868031,39,,,,,,,,,,,
2022,2022-10-08,Newcastle,Brentford,2,0,5,1,868043,39,,,,,,,,,,,
2022,2022-10-08,Bournemouth,Leicester,0,1,2,1,868036,39,,,,,,,,,,,
2022,2022-10-08,Chelsea,Wolves,1,0,3,0,868039,39,,,,,,,,,,,
2022,2022-10-08,Manchester City,Southampton,2,0,4,0,868042,39,,,,,,,,,,,
2022,2022-10-08,Brighton,Tottenham,0,1,0,1,868038,39,,,,,,,,,,,
2022,2022-10-09,West Ham,Fulham,1,1,3,1,868045,39,,,,,,,,,,,
2022,2022-10-09,Crystal Palace,Leeds,1,1,2,1,868040,39,,,,,,,,,,,
2022,2022-10-09,Arsenal,Liverpool,2,1,3,2,868037,39,,,,,,,,,,,
2022,2022-10-09,Everton,Manchester United,1,2,1,2,868041,39,,,,,,,,,,,
2022,2022-10-10,Nottingham Forest,Aston Villa,1,1,1,1,868044,39,,,,,,,,,,,
2022,2022-10-14,Brentford,Brighton,1,0,2,0,868047,39,,,,,,,,,,,
2022,2022-10-15,Leicester,Crystal Palace,0,0,0,0,868050,39,,,,,,,,,,,
2022,2022-10-15,Fulham,Bournemouth,1,2,2,2,868048,39,,,,,,,,,,,
2022,2022-10-15,Wolves,Nottingham Forest,0,0,1,0,868055,39,,,,,,,,,,,
2022,2022-10-15,Tottenham,Everton,0,0,2,0,868054,39,,,,,,,,,,,
2022,2022-10-16,Manchester United,Newcastle,0,0,0,0,868052,39,,,,,,,,,,,
2022,2022-10-16,Southampton,West Ham,1,0,1,1,868053,39,,,,,,,,,,,
2022,2022-10-16,Leeds,Arsenal,0,1,0,1,868049,39,,,,,,,,,,,
2022,2022-10-16,Aston Villa,Chelsea,0,1,0,2,868046,39,,,,,,,,,,,
2022,2022-10-16,Liverpool,Manchester City,0,0,1,0,868051,39,,,,,,,,,,,
2022,2022-10-18,Brighton,Nottingham Forest,0,0,0,0,868059,39,,,,,,,,,,,
2022,2022-10-18,Crystal Palace,Wolves,0,1,2,1,868062,39,,,,,,,,,,,
2022,2022-10-19,Newcastle,Everton,1,0,1,0,868063,39,,,,,,,,,,,
2022,2022-10-19,Bournemouth,Southampton,0,1,0,1,868056,39,,,,,,,,,,,
2022,2022-10-19,Liverpool,West Ham,1,0,1,0,868064,39,,,,,,,,,,,
2022,2022-10-19,Brentford,Chelsea,0,0,0,0,868058,39,,,,,,,,,,,
2022,2022-10-19,Manchester United,Tottenham,0,0,2,0,868065,39,,,,,,,,,,,
2022,2022-10-20,Fulham,Aston Villa,1,0,3,0,868060,39,,,,,,,,,,,
2022,2022-10-20,Leicester,Leeds,2,0,2,0,868061,39,,,,,,,,,,,
2022,2022-10-22,Nottingham Forest,Liverpool,0,0,1,0,868071,39,,,,,,,,,,,
2022,2022-10-22,Everton,Crystal Palace,1,0,3,0,868068,39,,,,,,,,,,,
2022,2022-10-22,Manchester City,Brighton,2,0,3,1,868070,39,,,,,,,,,,,
2022,2022-10-22,Chelsea,Manchester United,0,0,1,1,868067,39,,,,,,,,,,,
2022,2022-10-23,Wolves,Leicester,0,2,0,4,868075,39,,,,,,,,,,,
2022,2022-10-23,Southampton,Arsenal,0,1,1,1,868072,39,,,,,,,,,,,
2022,2022-10-23,Leeds,Fulham,1,1,2,3,868069,39,,,,,,,,,,,
2022,2022-10-23,Aston Villa,Brentford,3,0,4,0,868066,39,,,,,,,,,,,
2022,2022-10-23,Tottenham,Newcastle,0,2,1,2,868073,39,,,,,,,,,,,
2022,2022-10-24,West Ham,Bournemouth,1,0,2,0,868074,39,,,,,,,,,,,
2022,2022-10-29,Leicester,Manchester City,0,0,0,1,868082,39,,,,,,,,,,,
2022,2022-10-29,Newcastle,Aston Villa,1,0,4,0,868085,39,,,,,,,,,,,
2022,2022-10-29,Bournemouth,Tottenham,1,0,2,3,868076,39,,,,,,,,,,,
2022,2022-10-29,Brighton,Chelsea,3,0,4,1,868079,39,,,,,,,,,,,
2022,2022-10-29,Crystal Palace,Southampton,1,0,1,0,868080,39,,,,,,,,,,,
2022,2022-10-29,Brentford,Wolves,0,0,1,1,868078,39,,,,,,,,,,,
2022,2022-10-29,Fulham,Everton,0,0,0,0,868081,39,,,,,,,,,,,
2022,2022-10-29,Liverpool,Leeds,1,1,1,2,868083,39,,,,,,,,,,,
2022,2022-10-30,Arsenal,Nottingham Forest,1,0,5,0,868077,39,,,,,,,,,,,
2022,2022-10-30,Manchester United,West Ham,1,0,1,0,868084,39,,,,,,,,,,,
2022,2022-11-05,Wolves,Brighton,2,2,2,3,868095,39,,,,,,,,,,,
2022,2022-11-05,Manchester City,Fulham,1,1,2,1,868090,39,,,,,,,,,,,
2022,2022-11-05,Leeds,Bournemouth,1,2,4,3,868089,39,,,,,,,,,,,
2022,2022-11-05,Nottingham Forest,Brentford,1,1,2,2,868091,39,,,,,,,,,,,
2022,2022-11-05,Everton,Leicester,0,1,0,2,868088,39,,,,,,,,,,,
2022,2022-11-06,Chelsea,Arsenal,0,0,0,1,868087,39,,,,,,,,,,,
2022,2022-11-06,Southampton,Newcastle,0,1,1,4,868092,39,,,,,,,,,,,
2022,2022-11-06,West Ham,Crystal Palace,1,1,1,2,868094,39,,,,,,,,,,,
2022,2022-11-06,Aston Villa,Manchester United,2,1,3,1,868086,39,,,,,,,,,,,
2022,2022-11-06,Tottenham,Liverpool,0,2,1,2,868093,39,,,,,,,,,,,
2022,2022-11-12,Manchester City,Brentford,1,1,1,2,868100,39,,,,,,,,,,,
2022,2022-11-12,Bournemouth,Everton,2,0,3,0,868096,39,,,,,,,,,,,
2022,2022-11-12,Liverpool,Southampton,3,1,3,1,868099,39,,,,,,,,,,,
2022,2022-11-12,Tottenham,Leeds,1,2,4,3,868103,39,,,,,,,,,,,
2022,2022-11-12,West Ham,Leicester,0,1,0,2,868104,39,,,,,,,,,,,
2022,2022-11-12,Nottingham Forest,Crystal Palace,0,0,1,0,868102,39,,,,,,,,,,,
2022,2022-11-12,Newcastle,Chelsea,0,0,1,0,868101,39,,,,,,,,,,,
2022,2022-11-12,Wolves,Arsenal,0,0,0,2,868105,39,,,,,,,,,,,
2022,2022-11-13,Brighton,Aston Villa,1,1,1,2,868097,39,,,,,,,,,,,
2022,2022-11-13,Fulham,Manchester United,0,1,1,2,868098,39,,,,,,,,,,,
2022,2022-12-26,Brentford,Tottenham,1,0,2,2,868108,39,,,,,,,,,,,
2022,2022-12-26,Southampton,Brighton,0,2,1,3,868115,39,,,,,,,,,,,
2022,2022-12-26,Everton,Wolves,1,1,1,2,868111,39,,,,,,,,,,,
2022,2022-12-26,Leicester,Newcastle,0,3,0,3,868113,39,,,,,,,,,,,
2022,2022-12-26,Crystal Palace,Fulham,0,1,0,3,868110,39,,,,,,,,,,,
2022,2022-12-26,Aston Villa,Liverpool,0,2,1,3,868107,39,,,,,,,,,,,
2022,2022-12-26,Arsenal,West Ham,0,1,3,1,868106,39,,,,,,,,,,,
2022,2022-12-27,Chelsea,Bournemouth,2,0,2,0,868109,39,,,,,,,,,,,
2022,2022-12-27,Manchester United,Nottingham Forest,2,0,3,0,868114,39,,,,,,,,,,,
2022,2022-12-28,Leeds,Manchester City,0,1,1,3,868112,39,,,,,,,,,,,
2022,2022-12-30,West Ham,Brentford,0,2,0,2,868124,39,,,,,,,,,,,
2022,2022-12-30,Liverpool,Leicester,2,1,2,1,868119,39,,,,,,,,,,,
2022,2022-12-31,Wolves,Manchester United,0,0,0,1,868125,39,,,,,,,,,,,
2022,2022-12-31,Newcastle,Leeds,0,0,0,0,868121,39,,,,,,,,,,,
2022,2022-12-31,Bournemouth,Crystal Palace,0,2,0,2,868116,39,,,,,,,,,,,
2022,2022-12-31,Fulham,Southampton,1,0,2,1,868118,39,,,,,,,,,,,
2022,2022-12-31,Manchester City,Everton,1,0,1,1,868120,39,,,,,,,,,,,
2022,2022-12-31,Brighton,Arsenal,0,2,2,4,868117,39,,,,,,,,,,,
2022,2023-01-01,Tottenham,Aston Villa,0,0,0,2,868123,39,,,,,,,,,,,
2022,2023-01-01,Nottingham Forest,Chelsea,0,1,1,1,868122,39,,,,,,,,,,,
2022,2023-01-02,Brentford,Liverpool,2,0,3,1,868128,39,,,,,,,,,,,
2022,2023-01-03,Arsenal,Newcastle,0,0,0,0,868126,39,,,,,,,,,,,
2022,2023-01-03,Everton,Brighton,0,1,1,4,868131,39,,,,,,,,,,,
2022,2023-01-03,Leicester,Fulham,0,1,0,1,868133,39,,,,,,,,,,,
2022,2023-01-03,Manchester United,Bournemouth,1,0,3,0,868134,39,,,,,,,,,,,
2022,2023-01-04,Southampton,Nottingham Forest,0,1,0,1,868135,39,,,,,,,,,,,
2022,2023-01-04,Leeds,West Ham,1,1,2,2,868132,39,,,,,,,,,,,
2022,2023-01-04,Crystal Palace,Tottenham,0,0,0,4,868130,39,,,,,,,,,,,
2022,2023-01-04,Aston Villa,Wolves,0,1,1,1,868127,39,,,,,,,,,,,
2022,2023-01-05,Chelsea,Manchester City,0,0,0,1,868129,39,,,,,,,,,,,
2022,2023-01-12,Fulham,Chelsea,1,0,2,1,868009,39,,,,,,,,,,,
2022,2023-01-13,Aston Villa,Leeds,1,0,2,1,868136,39,,,,,,,,,,,
2022,2023-01-14,Manchester United,Manchester City,0,0,2,1,868141,39,,,,,,,,,,,
2022,2023-01-14,Wolves,West Ham,0,0,1,0,868145,39,,,,,,,,,,,
2022,2023-01-14,Everton,Southampton,1,0,1,2,868140,39,,,,,,,,,,,
2022,2023-01-14,Brighton,Liverpool,0,0,3,0,868138,39,,,,,,,,,,,
2022,2023-01-14,Nottingham Forest,Leicester,0,0,2,0,868143,39,,,,,,,,,,,
2022,2023-01-14,Brentford,Bournemouth,1,0,2,0,868137,39,,,,,,,,,,,
2022,2023-01-15,Newcastle,Fulham,0,0,1,0,868142,39,,,,,,,,,,,
2022,2023-01-15,Chelsea,Crystal Palace,0,0,1,0,868139,39,,,,,,,,,,,
2022,2023-01-15,Tottenham,Arsenal,0,2,0,2,868144,39,,,,,,,,,,,
2022,2023-01-18,Crystal Palace,Manchester United,0,1,1,1,868008,39,,,,,,,,,,,
2022,2023-01-19,Manchester City,Tottenham,0,2,4,2,868013,39,,,,,,,,,,,
2022,2023-01-21,Liverpool,Chelsea,0,0,0,0,868152,39,,,,,,,,,,,
2022,2023-01-21,Bournemouth,Nottingham Forest,1,0,1,1,868146,39,,,,,,,,,,,
2022,2023-01-21,Southampton,Aston Villa,0,0,0,1,868154,39,,,,,,,,,,,
2022,2023-01-21,Leicester,Brighton,1,1,2,2,868151,39,,,,,,,,,,,
2022,2023-01-21,West Ham,Everton,2,0,2,0,868155,39,,,,,,,,,,,
2022,2023-01-21,Crystal Palace,Newcastle,0,0,0,0,868148,39,,,,,,,,,,,
2022,2023-01-22,Manchester City,Wolves,1,0,3,0,868153,39,,,,,,,,,,,
2022,2023-01-22,Leeds,Brentford,0,0,0,0,868150,39,,,,,,,,,,,
2022,2023-01-22,Arsenal,Manchester United,1,1,3,2,868147,39,,,,,,,,,,,
2022,2023-01-23,Fulham,Tottenham,0,1,0,1,868149,39,,,,,,,,,,,
2022,2023-02-03,Chelsea,Fulham,0,0,0,0,868159,39,,,,,,,,,,,
2022,2023-02-04,Everton,Arsenal,0,0,1,0,868160,39,,,,,,,,,,,
2022,2023-02-04,Manchester United,Crystal Palace,1,0,2,1,868161,39,,,,,,,,,,,
2022,2023-02-04,Wolves,Liverpool,2,0,3,0,868165,39,,,,,,,,,,,
2022,2023-02-04,Brighton,Bournemouth,0,0,1,0,868158,39,,,,,,,,,,,
2022,2023-02-04,Brentford,Southampton,2,0,3,0,868157,39,,,,,,,,,,,
2022,2023-02-04,Aston Villa,Leicester,2,3,2,4,868156,39,,,,,,,,,,,
2022,2023-02-04,Newcastle,West Ham,1,1,1,1,868162,39,,,,,,,,,,,
2022,2023-02-05,Nottingham Forest,Leeds,1,0,1,0,868163,39,,,,,,,,,,,
2022,2023-02-05,Tottenham,Manchester City,1,0,1,0,868164,39,,,,,,,,,,,
2022,2023-02-08,Manchester United,Leeds,0,1,2,2,868021,39,,,,,,,,,,,
2022,2023-02-11,West Ham,Chelsea,1,1,1,1,868175,39,,,,,,,,,,,
2022,2023-02-11,Fulham,Nottingham Forest,1,0,2,0,868169,39,,,,,,,,,,,
2022,2023-02-11,Southampton,Wolves,1,0,1,2,868174,39,,,,,,,,,,,
2022,2023-02-11,Arsenal,Brentford,0,0,1,1,868167,39,,,,,,,,,,,
2022,2023-02-11,Leicester,Tottenham,3,1,4,1,868171,39,,,,,,,,,,,
2022,2023-02-11,Crystal Palace,Brighton,0,0,1,1,868168,39,,,,,,,,,,,
2022,2023-02-11,Bournemouth,Newcastle,1,1,1,1,868166,39,,,,,,,,,,,
2022,2023-02-12,Leeds,Manchester United,0,0,0,2,868170,39,,,,,,,,,,,
2022,2023-02-12,Manchester City,Aston Villa,3,0,3,1,868173,39,,,,,,,,,,,
2022,2023-02-13,Liverpool,Everton,1,0,2,0,868172,39,,,,,,,,,,,
2022,2023-02-15,Arsenal,Manchester City,1,1,1,3,868057,39,,,,,,,,,,,
2022,2023-02-18,Aston Villa,Arsenal,2,1,2,4,868176,39,,,,,,,,,,,
2022,2023-02-18,Wolves,Bournemouth,0,0,0,1,868185,39,,,,,,,,,,,
2022,2023-02-18,Everton,Leeds,0,0,1,0,868180,39,,,,,,,,,,,
2022,2023-02-18,Chelsea,Southampton,0,1,0,1,868179,39,,,,,,,,,,,
2022,2023-02-18,Brighton,Fulham,0,0,0,1,868178,39,,,,,,,,,,,
2022,2023-02-18,Brentford,Crystal Palace,0,0,1,1,868177,39,,,,,,,,,,,
2022,2023-02-18,Nottingham Forest,Manchester City,0,1,1,1,868183,39,,,,,,,,,,,
2022,2023-02-18,Newcastle,Liverpool,0,2,0,2,868182,39,,,,,,,,,,,
2022,2023-02-19,Manchester United,Leicester,1,0,3,0,868181,39,,,,,,,,,,,
2022,2023-02-19,Tottenham,West Ham,0,0,2,0,868184,39,,,,,,,,,,,
2022,2023-02-24,Fulham,Wolves,0,1,1,1,868189,39,,,,,,,,,,,
2022,2023-02-25,Everton,Aston Villa,0,0,0,2,868188,39,,,,,,,,,,,
2022,2023-02-25,Leicester,Arsenal,0,0,0,1,868191,39,,,,,,,,,,,
2022,2023-02-25,West Ham,Nottingham Forest,0,0,4,0,868195,39,,,,,,,,,,,
2022,2023-02-25,Leeds,Southampton,0,0,1,0,868190,39,,,,,,,,,,,
2022,2023-02-25,Bournemouth,Manchester City,0,3,1,4,868186,39,,,,,,,,,,,
2022,2023-02-25,Crystal Palace,Liverpool,0,0,0,0,868187,39,,,,,,,,,,,
2022,2023-02-26,Tottenham,Chelsea,0,0,2,0,868194,39,,,,,,,,,,,
2022,2023-03-01,Arsenal,Everton,2,0,4,0,868007,39,,,,,,,,,,,
2022,2023-03-01,Liverpool,Wolves,0,0,2,0,868012,39,,,,,,,,,,,
2022,2023-03-04,Manchester City,Newcastle,1,0,2,0,868202,39,,,,,,,,,,,
2022,2023-03-04,Wolves,Tottenham,0,0,1,0,868205,39,,,,,,,,,,,
2022,2023-03-04,Arsenal,Bournemouth,0,1,3,2,868196,39,,,,,,,,,,,
2022,2023-03-04,Chelsea,Leeds,0,0,1,0,868200,39,,,,,,,,,,,
2022,2023-03-04,Brighton,West Ham,1,0,4,0,868199,39,,,,,,,,,,,
2022,2023-03-04,Aston Villa,Crystal Palace,1,0,1,0,868197,39,,,,,,,,,,,
2022,2023-03-04,Southampton,Leicester,1,0,1,0,868204,39,,,,,,,,,,,
2022,2023-03-05,Nottingham Forest,Everton,1,2,2,2,868203,39,,,,,,,,,,,
2022,2023-03-05,Liverpool,Manchester United,1,0,7,0,868201,39,,,,,,,,,,,
2022,2023-03-06,Brentford,Fulham,1,1,3,2,868198,39,,,,,,,,,,,
2022,2023-03-11,Bournemouth,Liverpool,1,0,1,0,868206,39,,,,,,,,,,,
2022,2023-03-11,Everton,Brentford,1,0,1,0,868208,39,,,,,,,,,,,
2022,2023-03-11,Leicester,Chelsea,1,2,1,3,868211,39,,,,,,,,,,,
2022,2023-03-11,Tottenham,Nottingham Forest,2,0,3,1,868214,39,,,,,,,,,,,
2022,2023-03-11,Leeds,Brighton,1,1,2,2,868210,39,,,,,,,,,,,
2022,2023-03-11,Crystal Palace,Manchester City,0,0,0,1,868207,39,,,,,,,,,,,
2022,2023-03-12,Manchester United,Southampton,0,0,0,0,868212,39,,,,,,,,,,,
2022,2023-03-12,Fulham,Arsenal,0,3,0,3,868209,39,,,,,,,,,,,
2022,2023-03-12,West Ham,Aston Villa,1,1,1,1,868215,39,,,,,,,,,,,
2022,2023-03-12,Newcastle,Wolves,1,0,2,1,868213,39,,,,,,,,,,,
2022,2023-03-15,Southampton,Brentford,0,1,0,2,868014,39,,,,,,,,,,,
2022,2023-03-15,Brighton,Crystal Palace,1,0,1,0,868018,39,,,,,,,,,,,
2022,2023-03-17,Nottingham Forest,Newcastle,1,1,1,2,868223,39,,,,,,,,,,,
2022,2023-03-18,Wolves,Leeds,0,1,2,4,868225,39,,,,,,,,,,,
2022,2023-03-18,Southampton,Tottenham,0,1,3,3,868224,39,,,,,,,,,,,
2022,2023-03-18,Brentford,Leicester,1,0,1,1,868218,39,,,,,,,,,,,
2022,2023-03-18,Aston Villa,Bournemouth,1,0,3,0,868217,39,,,,,,,,,,,
2022,2023-03-18,Chelsea,Everton,0,0,2,2,868220,39,,,,,,,,,,,
2022,2023-03-19,Arsenal,Crystal Palace,2,0,4,1,868216,39,,,,,,,,,,,
2022,2023-04-01,Manchester City,Liverpool,1,1,4,1,868232,39,,,,,,,,,,,
2022,2023-04-01,Bournemouth,Fulham,0,1,2,1,868226,39,,,,,,,,,,,
2022,2023-04-01,Arsenal,Leeds,1,0,4,1,868227,39,,,,,,,,,,,
2022,2023-04-01,Brighton,Brentford,2,2,3,3,868228,39,,,,,,,,,,,
2022,2023-04-01,Crystal Palace,Leicester,0,0,2,1,868230,39,,,,,,,,,,,
2022,2023-04-01,Nottingham Forest,Wolves,1,0,1,1,868234,39,,,,,,,,,,,
2022,2023-04-01,Chelsea,Aston Villa,0,1,0,2,868229,39,,,,,,,,,,,
2022,2023-04-02,West Ham,Southampton,1,0,1,0,868235,39,,,,,,,,,,,
2022,2023-04-02,Newcastle,Manchester United,0,0,2,0,868233,39,,,,,,,,,,,
2022,2023-04-03,Everton,Tottenham,0,0,1,1,868231,39,,,,,,,,,,,
2022,2023-04-04,Bournemouth,Brighton,0,1,0,2,868006,39,,,,,,,,,,,
2022,2023-04-04,Leicester,Aston Villa,1,1,1,2,868011,39,,,,,,,,,,,
2022,2023-04-04,Leeds,Nottingham Forest,2,1,2,1,868010,39,,,,,,,,,,,
2022,2023-04-04,Chelsea,Liverpool,0,0,0,0,868019,39,,,,,,,,,,,
2022,2023-04-05,Manchester United,Brentford,1,0,1,0,868192,39,,,,,,,,,,,
2022,2023-04-05,West Ham,Newcastle,1,2,1,5,868015,39,,,,,,,,,,,
2022,2023-04-08,Manchester United,Everton,1,0,2,0,868242,39,,,,,,,,,,,
2022,2023-04-08,Fulham,West Ham,0,1,0,1,868238,39,,,,,,,,,,,
2022,2023-04-08,Wolves,Chelsea,1,0,1,0,868245,39,,,,,,,,,,,
2022,2023-04-08,Leicester,Bournemouth,0,1,0,1,868240,39,,,,,,,,,,,
2022,2023-04-08,Tottenham,Brighton,1,1,2,1,868244,39,,,,,,,,,,,
2022,2023-04-08,Brentford,Newcastle,1,0,1,2,868237,39,,,,,,,,,,,
2022,2023-04-08,Aston Villa,Nottingham Forest,0,0,2,0,868236,39,,,,,,,,,,,
2022,2023-04-08,Southampton,Manchester City,0,1,1,4,868243,39,,,,,,,,,,,
2022,2023-04-09,Leeds,Crystal Palace,1,1,1,5,868239,39,,,,,,,,,,,
2022,2023-04-09,Liverpool,Arsenal,1,2,2,2,868241,39,,,,,,,,,,,
2022,2023-04-15,Aston Villa,Newcastle,1,0,3,0,868246,39,,,,,,,,,,,
2022,2023-04-15,Wolves,Brentford,1,0,2,0,868255,39,,,,,,,,,,,
2022,2023-04-15,Southampton,Crystal Palace,0,0,0,2,868252,39,,,,,,,,,,,
2022,2023-04-15,Everton,Fulham,1,1,1,3,868248,39,,,,,,,,,,,
2022,2023-04-15,Chelsea,Brighton,1,1,1,2,868247,39,,,,,,,,,,,
2022,2023-04-15,Tottenham,Bournemouth,1,1,2,3,868253,39,,,,,,,,,,,
2022,2023-04-15,Manchester City,Leicester,3,0,3,1,868250,39,,,,,,,,,,,
2022,2023-04-16,West Ham,Arsenal,1,2,2,2,868254,39,,,,,,,,,,,
2022,2023-04-16,Nottingham Forest,Manchester United,0,1,0,2,868251,39,,,,,,,,,,,
2022,2023-04-17,Leeds,Liverpool,0,2,1,6,868249,39,,,,,,,,,,,
2022,2023-04-21,Arsenal,Southampton,1,2,3,3,868257,39,,,,,,,,,,,
2022,2023-04-22,Fulham,Leeds,0,0,2,1,868261,39,,,,,,,,,,,
2022,2023-04-22,Liverpool,Nottingham Forest,0,0,3,2,868263,39,,,,,,,,,,,
2022,2023-04-22,Leicester,Wolves,1,1,2,1,868262,39,,,,,,,,,,,
2022,2023-04-22,Crystal Palace,Everton,0,0,0,0,868260,39,,,,,,,,,,,
2022,2023-04-22,Brentford,Aston Villa,0,0,1,1,868258,39,,,,,,,,,,,
2022,2023-04-23,Newcastle,Tottenham,5,0,6,1,868265,39,,,,,,,,,,,
2022,2023-04-23,Bournemouth,West Ham,0,3,0,4,868256,39,,,,,,,,,,,
2022,2023-04-25,Wolves,Crystal Palace,1,0,2,0,868271,39,,,,,,,,,,,
2022,2023-04-25,Aston Villa,Fulham,1,0,1,0,868272,39,,,,,,,,,,,
2022,2023-04-25,Leeds,Leicester,1,0,1,1,868267,39,,,,,,,,,,,
2022,2023-04-26,Nottingham Forest,Brighton,1,1,3,1,868268,39,,,,,,,,,,,
2022,2023-04-26,West Ham,Liverpool,1,1,1,2,868270,39,,,,,,,,,,,
2022,2023-04-26,Chelsea,Brentford,0,1,0,2,868273,39,,,,,,,,,,,
2022,2023-04-26,Manchester City,Arsenal,2,0,4,1,868275,39,,,,,,,,,,,
2022,2023-04-27,Southampton,Bournemouth,0,0,0,1,868274,39,,,,,,,,,,,
2022,2023-04-27,Everton,Newcastle,0,1,1,4,868266,39,,,,,,,,,,,
2022,2023-04-27,Tottenham,Manchester United,0,2,2,2,868269,39,,,,,,,,,,,
2022,2023-04-29,Crystal Palace,West Ham,3,2,4,3,868280,39,,,,,,,,,,,
2022,2023-04-29,Brighton,Wolves,4,0,6,0,868279,39,,,,,,,,,,,
2022,2023-04-29,Brentford,Nottingham Forest,0,1,2,1,868278,39,,,,,,,,,,,
2022,2023-04-30,Manchester United,Aston Villa,1,0,1,0,868284,39,,,,,,,,,,,
2022,2023-04-30,Newcastle,Southampton,0,1,3,1,868285,39,,,,,,,,,,,
2022,2023-04-30,Bournemouth,Leeds,2,1,4,1,868276,39,,,,,,,,,,,
2022,2023-04-30,Fulham,Manchester City,1,2,1,2,868281,39,,,,,,,,,,,
2022,2023-04-30,Liverpool,Tottenham,3,1,4,3,868283,39,,,,,,,,,,,
2022,2023-05-01,Leicester,Everton,2,1,2,2,868282,39,,,,,,,,,,,
2022,2023-05-02,Arsenal,Chelsea,3,0,3,1,868277,39,,,,,,,,,,,
2022,2023-05-03,Liverpool,Fulham,1,0,1,0,868221,39,,,,,,,,,,,
2022,2023-05-03,Manchester City,West Ham,0,0,3,0,868222,39,,,,,,,,,,,
2022,2023-05-04,Brighton,Manchester United,0,0,1,0,868219,39,,,,,,,,,,,
2022,2023-05-06,Bournemouth,Chelsea,1,1,1,3,868286,39,,,,,,,,,,,
2022,2023-05-06,Wolves,Aston Villa,1,0,1,0,868295,39,,,,,,,,,,,
2022,2023-05-06,Tottenham,Crystal Palace,1,0,1,0,868293,39,,,,,,,,,,,
2022,2023-05-06,Manchester City,Leeds,2,0,2,1,868290,39,,,,,,,,,,,
2022,2023-05-06,Liverpool,Brentford,1,0,1,0,868289,39,,,,,,,,,,,
2022,2023-05-07,Newcastle,Arsenal,0,1,0,2,868291,39,,,,,,,,,,,
2022,2023-05-07,West Ham,Manchester United,1,0,1,0,868294,39,,,,,,,,,,,
2022,2023-05-08,Fulham,Leicester,3,0,5,3,868288,39,,,,,,,,,,,
2022,2023-05-08,Brighton,Everton,0,3,1,5,868287,39,,,,,,,,,,,
2022,2023-05-08,Nottingham Forest,Southampton,3,1,4,3,868292,39,,,,,,,,,,,
2022,2023-05-13,Leeds,Newcastle,1,1,2,2,868302,39,,,,,,,,,,,
2022,2023-05-13,Manchester United,Wolves,1,0,2,0,868304,39,,,,,,,,,,,
2022,2023-05-13,Southampton,Fulham,0,0,0,2,868305,39,,,,,,,,,,,
2022,2023-05-13,Chelsea,Nottingham Forest,0,1,2,2,868299,39,,,,,,,,,,,
2022,2023-05-13,Crystal Palace,Bournemouth,1,0,2,0,868300,39,,,,,,,,,,,
2022,2023-05-13,Aston Villa,Tottenham,1,0,2,1,868297,39,,,,,,,,,,,
2022,2023-05-14,Everton,Manchester City,0,2,0,3,868301,39,,,,,,,,,,,
2022,2023-05-14,Brentford,West Ham,2,0,2,0,868298,39,,,,,,,,,,,
2022,2023-05-14,Arsenal,Brighton,0,0,0,3,868296,39,,,,,,,,,,,
2022,2023-05-15,Leicester,Liverpool,0,2,0,3,868303,39,,,,,,,,,,,
2022,2023-05-18,Newcastle,Brighton,2,0,4,1,868193,39,,,,,,,,,,,
2022,2023-05-20,Tottenham,Brentford,1,0,1,3,868313,39,,,,,,,,,,,
2022,2023-05-20,Bournemouth,Manchester United,0,1,0,1,868306,39,,,,,,,,,,,
2022,2023-05-20,Fulham,Crystal Palace,1,1,2,2,868308,39,,,,,,,,,,,
2022,2023-05-20,Wolves,Everton,1,0,1,1,868315,39,,,,,,,,,,,
2022,2023-05-20,Liverpool,Aston Villa,0,1,1,1,868309,39,,,,,,,,,,,
2022,2023-05-20,Nottingham Forest,Arsenal,1,0,1,0,868312,39,,,,,,,,,,,
2022,2023-05-21,West Ham,Leeds,1,1,3,1,868314,39,,,,,,,,,,,
2022,2023-05-21,Brighton,Southampton,2,0,3,1,868307,39,,,,,,,,,,,
2022,2023-05-21,Manchester City,Chelsea,1,0,1,0,868310,39,,,,,,,,,,,
2022,2023-05-22,Newcastle,Leicester,0,0,0,0,868311,39,,,,,,,,,,,
2022,2023-05-24,Brighton,Manchester City,1,1,1,1,868259,39,,,,,,,,,,,
2022,2023-05-25,Manchester United,Chelsea,2,0,4,1,868264,39,,,,,,,,,,,
2022,2023-05-28,Manchester United,Fulham,1,1,2,1,868324,39,,,,,,,,,,,
2022,2023-05-28,Southampton,Liverpool,2,2,4,4,868325,39,,,,,,,,,,,
2022,2023-05-28,Arsenal,Wolves,3,0,5,0,868316,39,,,,,,,,,,,
2022,2023-05-28,Everton,Bournemouth,0,0,1,0,868321,39,,,,,,,,,,,
2022,2023-05-28,Leicester,West Ham,1,0,2,1,868323,39,,,,,,,,,,,
2022,2023-05-28,Chelsea,Newcastle,1,1,1,1,868319,39,,,,,,,,,,,
2022,2023-05-28,Crystal Palace,Nottingham Forest,0,1,1,1,868320,39,,,,,,,,,,,
2022,2023-05-28,Brentford,Manchester City,0,0,1,0,868318,39,,,,,,,,,,,
2022,2023-05-28,Leeds,Tottenham,0,1,1,4,868322,39,,,,,,,,,,,
2022,2023-05-28,Aston Villa,Brighton,2,1,2,1,868317,39,,,,,,,,,,,
2023,2023-08-11,Burnley,Manchester City,0,2,0,3,1035037,39,,,,,,,,,,,
2023,2023-08-12,Arsenal,Nottingham Forest,2,0,2,1,1035038,39,,,,,,,,,,,
2023,2023-08-12,Bournemouth,West Ham,0,0,1,1,1035039,39,,,,,,,,,,,
2023,2023-08-12,Everton,Fulham,0,0,0,1,1035041,39,,,,,,,,,,,
2023,2023-08-12,Brighton,Luton,1,0,4,1,1035040,39,,,,,,,,,,,
2023,2023-08-12,Sheffield Utd,Crystal Palace,0,0,0,1,1035042,39,,,,,,,,,,,
2023,2023-08-12,Newcastle,Aston Villa,2,1,5,1,1035043,39,,,,,,,,,,,
2023,2023-08-13,Brentford,Tottenham,2,2,2,2,1035044,39,,,,,,,,,,,
2023,2023-08-13,Chelsea,Liverpool,1,1,1,1,1035045,39,,,,,,,,,,,
2023,2023-08-14,Manchester United,Wolves,0,0,1,0,1035046,39,,,,,,,,,,,
2023,2023-08-18,Nottingham Forest,Sheffield Utd,1,0,2,1,1035053,39,,,,,,,,,,,
2023,2023-08-19,Fulham,Brentford,0,1,0,3,1035049,39,,,,,,,,,,,
2023,2023-08-19,Wolves,Brighton,0,1,1,4,1035056,39,,,,,,,,,,,
2023,2023-08-19,Liverpool,Bournemouth,2,1,3,1,1035050,39,,,,,,,,,,,
2023,2023-08-19,Tottenham,Manchester United,0,0,2,0,1035054,39,,,,,,,,,,,
2023,2023-08-19,Manchester City,Newcastle,1,0,1,0,1035052,39,,,,,,,,,,,
2023,2023-08-20,Aston Villa,Everton,2,0,4,0,1035047,39,,,,,,,,,,,
2023,2023-08-20,West Ham,Chelsea,1,1,3,1,1035055,39,,,,,,,,,,,
2023,2023-08-21,Crystal Palace,Arsenal,0,0,0,1,1035048,39,,,,,,,,,,,
2023,2023-08-25,Chelsea,Luton,1,0,3,0,1035062,39,,,,,,,,,,,
2023,2023-08-26,Bournemouth,Tottenham,0,1,0,2,1035057,39,,,,,,,,,,,
2023,2023-08-26,Manchester United,Nottingham Forest,1,2,3,2,1035064,39,,,,,,,,,,,
2023,2023-08-26,Arsenal,Fulham,0,1,2,2,1035058,39,,,,,,,,,,,
2023,2023-08-26,Everton,Wolves,0,0,0,1,1035063,39,,,,,,,,,,,
2023,2023-08-26,Brentford,Crystal Palace,1,0,1,1,1035059,39,,,,,,,,,,,
2023,2023-08-26,Brighton,West Ham,0,1,1,3,1035060,39,,,,,,,,,,,
2023,2023-08-27,Burnley,Aston Villa,0,2,1,3,1035061,39,,,,,,,,,,,
2023,2023-08-27,Sheffield Utd,Manchester City,0,0,1,2,1035066,39,,,,,,,,,,,
2023,2023-08-27,Newcastle,Liverpool,1,0,1,2,1035065,39,,,,,,,,,,,
2023,2023-09-01,Luton,West Ham,0,1,1,2,1035074,39,,,,,,,,,,,
2023,2023-09-02,Sheffield Utd,Everton,2,1,2,2,1035076,39,,,,,,,,,,,
2023,2023-09-02,Burnley,Tottenham,1,2,2,5,1035070,39,,,,,,,,,,,
2023,2023-09-02,Chelsea,Nottingham Forest,0,0,0,1,1035071,39,,,,,,,,,,,
2023,2023-09-02,Manchester City,Fulham,2,1,5,1,1035075,39,,,,,,,,,,,
2023,2023-09-02,Brentford,Bournemouth,1,1,2,2,1035068,39,,,,,,,,,,,
2023,2023-09-02,Brighton,Newcastle,1,0,3,1,1035069,39,,,,,,,,,,,
2023,2023-09-03,Liverpool,Aston Villa,2,0,3,0,1035073,39,,,,,,,,,,,
2023,2023-09-03,Crystal Palace,Wolves,0,0,3,2,1035072,39,,,,,,,,,,,
2023,2023-09-03,Arsenal,Manchester United,1,1,3,1,1035067,39,,,,,,,,,,,
2023,2023-09-16,Wolves,Liverpool,1,0,1,3,1035086,39,,,,,,,,,,,
2023,2023-09-16,Manchester United,Brighton,0,1,1,3,1035081,39,,,,,,,,,,,
2023,2023-09-16,Fulham,Luton,0,0,1,0,1035080,39,,,,,,,,,,,
2023,2023-09-16,Tottenham,Sheffield Utd,0,0,2,1,1035084,39,,,,,,,,,,,
2023,2023-09-16,West Ham,Manchester City,1,0,1,3,1035085,39,,,,,,,,,,,
2023,2023-09-16,Aston Villa,Crystal Palace,0,0,3,1,1035078,39,,,,,,,,,,,
2023,2023-09-16,Newcastle,Brentford,0,0,1,0,1035082,39,,,,,,,,,,,
2023,2023-09-17,Bournemouth,Chelsea,0,0,0,0,1035077,39,,,,,,,,,,,
2023,2023-09-17,Everton,Arsenal,0,0,0,1,1035079,39,,,,,,,,,,,
2023,2023-09-18,Nottingham Forest,Burnley,0,1,1,1,1035083,39,,,,,,,,,,,
2023,2023-09-23,Manchester City,Nottingham Forest,2,0,2,0,1035095,39,,,,,,,,,,,
2023,2023-09-23,Crystal Palace,Fulham,0,0,0,0,1035092,39,,,,,,,,,,,
2023,2023-09-23,Luton,Wolves,0,0,1,1,1035094,39,,,,,,,,,,,
2023,2023-09-23,Brentford,Everton,1,1,1,3,1035088,39,,,,,,,,,,,
2023,2023-09-23,Burnley,Manchester United,0,1,0,1,1035090,39,,,,,,,,,,,
2023,2023-09-24,Liverpool,West Ham,1,1,3,1,1035093,39,,,,,,,,,,,
2023,2023-09-24,Arsenal,Tottenham,1,1,2,2,1035087,39,,,,,,,,,,,
2023,2023-09-24,Chelsea,Aston Villa,0,0,0,1,1035091,39,,,,,,,,,,,
2023,2023-09-24,Brighton,Bournemouth,1,1,3,1,1035089,39,,,,,,,,,,,
2023,2023-09-24,Sheffield Utd,Newcastle,0,3,0,8,1035096,39,,,,,,,,,,,
2023,2023-09-30,Aston Villa,Brighton,3,0,6,1,1035098,39,,,,,,,,,,,
2023,2023-09-30,Manchester United,Crystal Palace,0,1,0,1,1035101,39,,,,,,,,,,,
2023,2023-09-30,Newcastle,Burnley,1,0,2,0,1035102,39,,,,,,,,,,,
2023,2023-09-30,Bournemouth,Arsenal,0,2,0,4,1035097,39,,,,,,,,,,,
2023,2023-09-30,Wolves,Manchester City,1,0,2,1,1035106,39,,,,,,,,,,,
2023,2023-09-30,Everton,Luton,1,2,1,2,1035099,39,,,,,,,,,,,
2023,2023-09-30,West Ham,Sheffield Utd,2,0,2,0,1035105,39,,,,,,,,,,,
2023,2023-09-30,Tottenham,Liverpool,1,1,2,1,1035104,39,,,,,,,,,,,
2023,2023-10-01,Nottingham Forest,Brentford,0,0,1,1,1035103,39,,,,,,,,,,,
2023,2023-10-02,Fulham,Chelsea,0,2,0,2,1035100,39,,,,,,,,,,,
2023,2023-10-03,Luton,Burnley,0,1,1,2,1035051,39,,,,,,,,,,,
2023,2023-10-07,Luton,Tottenham,0,0,0,1,1035113,39,,,,,,,,,,,
2023,2023-10-07,Manchester United,Brentford,0,1,2,1,1035114,39,,,,,,,,,,,
2023,2023-10-07,Fulham,Sheffield Utd,0,0,3,1,1035112,39,,,,,,,,,,,
2023,2023-10-07,Burnley,Chelsea,1,1,1,4,1035109,39,,,,,,,,,,,
2023,2023-10-07,Everton,Bournemouth,2,0,3,0,1035111,39,,,,,,,,,,,
2023,2023-10-07,Crystal Palace,Nottingham Forest,0,0,0,0,1035110,39,,,,,,,,,,,
2023,2023-10-08,Wolves,Aston Villa,0,0,1,1,1035116,39,,,,,,,,,,,
2023,2023-10-08,West Ham,Newcastle,1,0,2,2,1035115,39,,,,,,,,,,,
2023,2023-10-08,Brighton,Liverpool,1,2,2,2,1035108,39,,,,,,,,,,,
2023,2023-10-08,Arsenal,Manchester City,0,0,1,0,1035107,39,,,,,,,,,,,
2023,2023-10-21,Liverpool,Everton,0,0,2,0,1035121,39,,,,,,,,,,,
2023,2023-10-21,Newcastle,Crystal Palace,3,0,4,0,1035123,39,,,,,,,,,,,
2023,2023-10-21,Bournemouth,Wolves,1,0,1,2,1035117,39,,,,,,,,,,,
2023,2023-10-21,Manchester City,Brighton,2,0,2,1,1035122,39,,,,,,,,,,,
2023,2023-10-21,Brentford,Burnley,1,0,3,0,1035119,39,,,,,,,,,,,
2023,2023-10-21,Nottingham Forest,Luton,0,0,2,2,1035124,39,,,,,,,,,,,
2023,2023-10-21,Chelsea,Arsenal,1,0,2,2,1035120,39,,,,,,,,,,,
2023,2023-10-21,Sheffield Utd,Manchester United,1,1,1,2,1035125,39,,,,,,,,,,,
2023,2023-10-22,Aston Villa,West Ham,1,0,4,1,1035118,39,,,,,,,,,,,
2023,2023-10-23,Tottenham,Fulham,1,0,2,0,1035126,39,,,,,,,,,,,
2023,2023-10-27,Crystal Palace,Tottenham,0,0,1,2,1035132,39,,,,,,,,,,,
2023,2023-10-28,Chelsea,Brentford,0,0,0,2,1035131,39,,,,,,,,,,,
2023,2023-10-28,Bournemouth,Burnley,1,1,2,1,1035127,39,,,,,,,,,,,
2023,2023-10-28,Arsenal,Sheffield Utd,1,0,5,0,1035128,39,,,,,,,,,,,
2023,2023-10-28,Wolves,Newcastle,1,2,2,2,1035136,39,,,,,,,,,,,
2023,2023-10-29,West Ham,Everton,0,0,0,1,1035135,39,,,,,,,,,,,
2023,2023-10-29,Liverpool,Nottingham Forest,2,0,3,0,1035133,39,,,,,,,,,,,
2023,2023-10-29,Brighton,Fulham,1,0,1,1,1035130,39,,,,,,,,,,,
2023,2023-10-29,Aston Villa,Luton,1,0,3,1,1035129,39,,,,,,,,,,,
2023,2023-10-29,Manchester United,Manchester City,0,1,0,3,1035134,39,,,,,,,,,,,
2023,2023-11-04,Fulham,Manchester United,0,0,0,1,1035140,39,,,,,,,,,,,
2023,2023-11-04,Burnley,Crystal Palace,0,1,0,2,1035138,39,,,,,,,,,,,
2023,2023-11-04,Everton,Brighton,1,0,1,1,1035139,39,,,,,,,,,,,
2023,2023-11-04,Manchester City,Bournemouth,3,0,6,1,1035142,39,,,,,,,,,,,
2023,2023-11-04,Brentford,West Ham,1,2,3,2,1035137,39,,,,,,,,,,,
2023,2023-11-04,Sheffield Utd,Wolves,0,0,2,1,1035145,39,,,,,,,,,,,
2023,2023-11-04,Newcastle,Arsenal,0,0,1,0,1035143,39,,,,,,,,,,,
2023,2023-11-05,Nottingham Forest,Aston Villa,1,0,2,0,1035144,39,,,,,,,,,,,
2023,2023-11-05,Luton,Liverpool,0,0,1,1,1035141,39,,,,,,,,,,,
2023,2023-11-06,Tottenham,Chelsea,1,1,1,4,1035146,39,,,,,,,,,,,
2023,2023-11-11,Wolves,Tottenham,0,1,2,1,1035156,39,,,,,,,,,,,
2023,2023-11-11,Manchester United,Luton,0,0,1,0,1035154,39,,,,,,,,,,,
2023,2023-11-11,Arsenal,Burnley,1,0,3,1,1035148,39,,,,,,,,,,,
2023,2023-11-11,Crystal Palace,Everton,1,1,2,3,1035152,39,,,,,,,,,,,
2023,2023-11-11,Bournemouth,Newcastle,0,0,2,0,1035147,39,,,,,,,,,,,
2023,2023-11-12,Liverpool,Brentford,1,0,3,0,1035153,39,,,,,,,,,,,
2023,2023-11-12,West Ham,Nottingham Forest,1,1,3,2,1035155,39,,,,,,,,,,,
2023,2023-11-12,Brighton,Sheffield Utd,1,0,1,1,1035150,39,,,,,,,,,,,
2023,2023-11-12,Aston Villa,Fulham,2,0,3,1,1035149,39,,,,,,,,,,,
2023,2023-11-12,Chelsea,Manchester City,2,2,4,4,1035151,39,,,,,,,,,,,
2023,2023-11-25,Manchester City,Liverpool,1,0,1,1,1035299,39,,,,,,,,,,,
2023,2023-11-25,Newcastle,Chelsea,1,1,4,1,1035300,39,,,,,,,,,,,
2023,2023-11-25,Burnley,West Ham,0,0,1,2,1035295,39,,,,,,,,,,,
2023,2023-11-25,Sheffield Utd,Bournemouth,0,2,1,3,1035302,39,,,,,,,,,,,
2023,2023-11-25,Nottingham Forest,Brighton,1,2,2,3,1035301,39,,,,,,,,,,,
2023,2023-11-25,Luton,Crystal Palace,0,0,2,1,1035298,39,,,,,,,,,,,
2023,2023-11-25,Brentford,Arsenal,0,0,0,1,1035294,39,,,,,,,,,,,
2023,2023-11-26,Tottenham,Aston Villa,1,1,1,2,1035303,39,,,,,,,,,,,
2023,2023-11-26,Everton,Manchester United,0,1,0,3,1035296,39,,,,,,,,,,,
2023,2023-11-27,Fulham,Wolves,1,1,3,2,1035297,39,,,,,,,,,,,
2023,2023-12-02,Arsenal,Wolves,2,0,2,1,1035305,39,,,,,,,,,,,
2023,2023-12-02,Burnley,Sheffield Utd,2,0,5,0,1035307,39,,,,,,,,,,,
2023,2023-12-02,Brentford,Luton,0,0,3,1,1035306,39,,,,,,,,,,,
2023,2023-12-02,Nottingham Forest,Everton,0,0,0,1,1035312,39,,,,,,,,,,,
2023,2023-12-02,Newcastle,Manchester United,0,0,1,0,1035311,39,,,,,,,,,,,
2023,2023-12-03,Bournemouth,Aston Villa,1,1,2,2,1035304,39,,,,,,,,,,,
2023,2023-12-03,Liverpool,Fulham,2,2,4,3,1035309,39,,,,,,,,,,,
2023,2023-12-03,West Ham,Crystal Palace,1,0,1,1,1035313,39,,,,,,,,,,,
2023,2023-12-03,Chelsea,Brighton,2,1,3,2,1035308,39,,,,,,,,,,,
2023,2023-12-03,Manchester City,Tottenham,2,1,3,3,1035310,39,,,,,,,,,,,
2023,2023-12-05,Wolves,Burnley,1,0,1,0,1035321,39,,,,,,,,,,,
2023,2023-12-05,Luton,Arsenal,1,2,3,4,1035318,39,,,,,,,,,,,
2023,2023-12-06,Fulham,Nottingham Forest,2,0,5,0,1035317,39,,,,,,,,,,,
2023,2023-12-06,Brighton,Brentford,1,1,2,1,1035315,39,,,,,,,,,,,
2023,2023-12-06,Crystal Palace,Bournemouth,0,1,0,2,1035322,39,,,,,,,,,,,
2023,2023-12-06,Sheffield Utd,Liverpool,0,1,0,2,1035319,39,,,,,,,,,,,
2023,2023-12-06,Manchester United,Chelsea,1,1,2,1,1035323,39,,,,,,,,,,,
2023,2023-12-06,Aston Villa,Manchester City,0,0,1,0,1035314,39,,,,,,,,,,,
2023,2023-12-07,Everton,Newcastle,0,0,3,0,1035316,39,,,,,,,,,,,
2023,2023-12-07,Tottenham,West Ham,1,0,1,2,1035320,39,,,,,,,,,,,
2023,2023-12-09,Crystal Palace,Liverpool,0,0,1,2,1035326,39,,,,,,,,,,,
2023,2023-12-09,Manchester United,Bournemouth,0,1,0,3,1035330,39,,,,,,,,,,,
2023,2023-12-09,Wolves,Nottingham Forest,1,1,1,1,1035333,39,,,,,,,,,,,
2023,2023-12-09,Brighton,Burnley,0,1,1,1,1035325,39,,,,,,,,,,,
2023,2023-12-09,Sheffield Utd,Brentford,1,0,1,0,1035331,39,,,,,,,,,,,
2023,2023-12-09,Aston Villa,Arsenal,1,0,1,0,1035324,39,,,,,,,,,,,
2023,2023-12-10,Fulham,West Ham,3,0,5,0,1035328,39,,,,,,,,,,,
2023,2023-12-10,Everton,Chelsea,0,0,2,0,1035327,39,,,,,,,,,,,
2023,2023-12-10,Luton,Manchester City,1,0,1,2,1035329,39,,,,,,,,,,,
2023,2023-12-10,Tottenham,Newcastle,2,0,4,1,1035332,39,,,,,,,,,,,
2023,2023-12-15,Nottingham Forest,Tottenham,0,1,0,2,1035342,39,,,,,,,,,,,
2023,2023-12-16,Newcastle,Fulham,0,0,3,0,1035341,39,,,,,,,,,,,
2023,2023-12-16,Chelsea,Sheffield Utd,0,0,2,0,1035338,39,,,,,,,,,,,
2023,2023-12-16,Manchester City,Crystal Palace,1,0,2,2,1035340,39,,,,,,,,,,,
2023,2023-12-16,Burnley,Everton,0,2,0,2,1035337,39,,,,,,,,,,,
2023,2023-12-17,Arsenal,Brighton,0,0,2,0,1035335,39,,,,,,,,,,,
2023,2023-12-17,West Ham,Wolves,2,0,3,0,1035343,39,,,,,,,,,,,
2023,2023-12-17,Brentford,Aston Villa,1,0,1,2,1035336,39,,,,,,,,,,,
2023,2023-12-17,Liverpool,Manchester United,0,0,0,0,1035339,39,,,,,,,,,,,
2023,2023-12-21,Crystal Palace,Brighton,1,0,1,1,1035345,39,,,,,,,,,,,
2023,2023-12-22,Aston Villa,Sheffield Utd,0,0,1,1,1035344,39,,,,,,,,,,,
2023,2023-12-23,West Ham,Manchester United,0,0,2,0,1035352,39,,,,,,,,,,,
2023,2023-12-23,Fulham,Burnley,0,0,0,2,1035346,39,,,,,,,,,,,
2023,2023-12-23,Tottenham,Everton,2,0,2,1,1035351,39,,,,,,,,,,,
2023,2023-12-23,Nottingham Forest,Bournemouth,0,0,2,3,1035350,39,,,,,,,,,,,
2023,2023-12-23,Luton,Newcastle,1,0,1,0,1035348,39,,,,,,,,,,,
2023,2023-12-23,Liverpool,Arsenal,1,1,1,1,1035347,39,,,,,,,,,,,
2023,2023-12-24,Wolves,Chelsea,0,0,2,1,1035353,39,,,,,,,,,,,
2023,2023-12-26,Newcastle,Nottingham Forest,1,1,1,3,1035362,39,,,,,,,,,,,
2023,2023-12-26,Bournemouth,Fulham,1,0,3,0,1035354,39,,,,,,,,,,,
2023,2023-12-26,Sheffield Utd,Luton,0,1,2,3,1035363,39,,,,,,,,,,,
2023,2023-12-26,Burnley,Liverpool,0,1,0,2,1035358,39,,,,,,,,,,,
2023,2023-12-26,Manchester United,Aston Villa,0,2,3,2,1035361,39,,,,,,,,,,,
2023,2023-12-27,Chelsea,Crystal Palace,1,1,2,1,1035359,39,,,,,,,,,,,
2023,2023-12-27,Brentford,Wolves,1,3,1,4,1035356,39,,,,,,,,,,,
2023,2023-12-27,Everton,Manchester City,1,0,1,3,1035360,39,,,,,,,,,,,
2023,2023-12-28,Brighton,Tottenham,2,0,4,2,1035357,39,,,,,,,,,,,
2023,2023-12-28,Arsenal,West Ham,0,1,0,2,1035355,39,,,,,,,,,,,
2023,2023-12-30,Luton,Chelsea,0,2,2,3,1035368,39,,,,,,,,,,,
2023,2023-12-30,Wolves,Everton,1,0,3,0,1035373,39,,,,,,,,,,,
2023,2023-12-30,Manchester City,Sheffield Utd,1,0,2,0,1035369,39,,,,,,,,,,,
2023,2023-12-30,Crystal Palace,Brentford,2,1,3,1,1035365,39,,,,,,,,,,,
2023,2023-12-30,Aston Villa,Burnley,2,1,3,2,1035364,39,,,,,,,,,,,
2023,2023-12-30,Nottingham Forest,Manchester United,0,0,2,1,1035370,39,,,,,,,,,,,
2023,2023-12-31,Fulham,Arsenal,1,1,2,1,1035366,39,,,,,,,,,,,
2023,2023-12-31,Tottenham,Bournemouth,1,0,3,1,1035371,39,,,,,,,,,,,
2023,2024-01-01,Liverpool,Newcastle,0,0,4,2,1035367,39,,,,,,,,,,,
2023,2024-01-02,West Ham,Brighton,0,0,0,0,1035372,39,,,,,,,,,,,
2023,2024-01-12,Burnley,Luton,1,0,1,1,1035378,39,,,,,,,,,,,
2023,2024-01-13,Chelsea,Fulham,1,0,1,0,1035379,39,,,,,,,,,,,
2023,2024-01-13,Newcastle,Manchester City,2,1,2,3,1035382,39,,,,,,,,,,,
2023,2024-01-14,Everton,Aston Villa,0,0,0,0,1035380,39,,,,,,,,,,,
2023,2024-01-14,Manchester United,Tottenham,2,1,2,2,1035381,39,,,,,,,,,,,
2023,2024-01-20,Arsenal,Crystal Palace,2,0,5,0,1035375,39,,,,,,,,,,,
2023,2024-01-20,Brentford,Nottingham Forest,1,1,3,2,1035376,39,,,,,,,,,,,
2023,2024-01-21,Sheffield Utd,West Ham,1,1,2,2,1035383,39,,,,,,,,,,,
2023,2024-01-21,Bournemouth,Liverpool,0,0,0,4,1035374,39,,,,,,,,,,,
2023,2024-01-22,Brighton,Wolves,0,0,0,0,1035377,39,,,,,,,,,,,
2023,2024-01-30,Nottingham Forest,Arsenal,0,0,1,2,1035387,39,,,,,,,,,,,
2023,2024-01-30,Fulham,Everton,0,0,0,0,1035385,39,,,,,,,,,,,
2023,2024-01-30,Luton,Brighton,3,0,4,0,1035386,39,,,,,,,,,,,
2023,2024-01-30,Crystal Palace,Sheffield Utd,2,2,3,2,1035391,39,,,,,,,,,,,
2023,2024-01-30,Aston Villa,Newcastle,0,2,1,3,1035384,39,,,,,,,,,,,
2023,2024-01-31,Tottenham,Brentford,0,1,3,2,1035388,39,,,,,,,,,,,
2023,2024-01-31,Manchester City,Burnley,2,0,3,1,1035393,39,,,,,,,,,,,
2023,2024-01-31,Liverpool,Chelsea,2,0,4,1,1035392,39,,,,,,,,,,,
2023,2024-02-01,West Ham,Bournemouth,0,1,1,1,1035389,39,,,,,,,,,,,
2023,2024-02-01,Wolves,Manchester United,0,2,3,4,1035390,39,,,,,,,,,,,
2023,2024-02-03,Everton,Tottenham,1,2,2,2,1035400,39,,,,,,,,,,,
2023,2024-02-03,Newcastle,Luton,2,2,4,4,1035402,39,,,,,,,,,,,
2023,2024-02-03,Burnley,Fulham,0,2,2,2,1035398,39,,,,,,,,,,,
2023,2024-02-03,Brighton,Crystal Palace,3,0,4,1,1035397,39,,,,,,,,,,,
2023,2024-02-03,Sheffield Utd,Aston Villa,0,4,0,5,1035403,39,,,,,,,,,,,
2023,2024-02-04,Manchester United,West Ham,1,0,3,0,1035401,39,,,,,,,,,,,
2023,2024-02-04,Bournemouth,Nottingham Forest,1,1,1,1,1035394,39,,,,,,,,,,,
2023,2024-02-04,Chelsea,Wolves,1,2,2,4,1035399,39,,,,,,,,,,,
2023,2024-02-04,Arsenal,Liverpool,1,1,3,1,1035395,39,,,,,,,,,,,
2023,2024-02-05,Brentford,Manchester City,1,1,1,3,1035396,39,,,,,,,,,,,
2023,2024-02-10,Manchester City,Everton,0,0,2,0,1035409,39,,,,,,,,,,,
2023,2024-02-10,Fulham,Bournemouth,2,0,3,1,1035406,39,,,,,,,,,,,
2023,2024-02-10,Wolves,Brentford,0,1,0,2,1035413,39,,,,,,,,,,,
2023,2024-02-10,Liverpool,Burnley,1,1,3,1,1035407,39,,,,,,,,,,,
2023,2024-02-10,Tottenham,Brighton,0,1,2,1,1035411,39,,,,,,,,,,,
2023,2024-02-10,Luton,Sheffield Utd,0,2,1,3,1035408,39,,,,,,,,,,,
2023,2024-02-10,Nottingham Forest,Newcastle,2,2,2,3,1035410,39,,,,,,,,,,,
2023,2024-02-11,West Ham,Arsenal,0,4,0,6,1035412,39,,,,,,,,,,,
2023,2024-02-11,Aston Villa,Manchester United,0,1,1,2,1035404,39,,,,,,,,,,,
2023,2024-02-12,Crystal Palace,Chelsea,1,0,1,3,1035405,39,,,,,,,,,,,
2023,2024-02-17,Brentford,Liverpool,0,1,1,4,1035414,39,,,,,,,,,,,
2023,2024-02-17,Newcastle,Bournemouth,0,0,2,2,1035420,39,,,,,,,,,,,
2023,2024-02-17,Fulham,Aston Villa,0,1,1,2,1035417,39,,,,,,,,,,,
2023,2024-02-17,Burnley,Arsenal,0,2,0,5,1035415,39,,,,,,,,,,,
2023,2024-02-17,Tottenham,Wolves,0,1,1,2,1035423,39,,,,,,,,,,,
2023,2024-02-17,Nottingham Forest,West Ham,1,0,2,0,1035421,39,,,,,,,,,,,
2023,2024-02-17,Manchester City,Chelsea,0,1,1,1,1035419,39,,,,,,,,,,,
2023,2024-02-18,Sheffield Utd,Brighton,0,2,0,5,1035422,39,,,,,,,,,,,
2023,2024-02-18,Luton,Manchester United,1,2,1,2,1035418,39,,,,,,,,,,,
2023,2024-02-19,Everton,Crystal Palace,0,0,1,1,1035416,39,,,,,,,,,,,
2023,2024-02-20,Manchester City,Brentford,0,0,1,0,1035349,39,,,,,,,,,,,
2023,2024-02-21,Liverpool,Luton,0,1,4,1,1035430,39,,,,,,,,,,,
2023,2024-02-24,Manchester United,Fulham,0,0,1,2,1035431,39,,,,,,,,,,,
2023,2024-02-24,Brighton,Everton,0,0,1,1,1035427,39,,,,,,,,,,,
2023,2024-02-24,Crystal Palace,Burnley,0,0,3,0,1035429,39,,,,,,,,,,,
2023,2024-02-24,Aston Villa,Nottingham Forest,3,1,4,2,1035426,39,,,,,,,,,,,
2023,2024-02-24,Bournemouth,Manchester City,0,1,0,1,1035424,39,,,,,,,,,,,
2023,2024-02-24,Arsenal,Newcastle,2,0,4,1,1035425,39,,,,,,,,,,,
2023,2024-02-25,Wolves,Sheffield Utd,1,0,1,0,1035433,39,,,,,,,,,,,
2023,2024-02-26,West Ham,Brentford,2,1,4,2,1035432,39,,,,,,,,,,,
2023,2024-03-02,Newcastle,Wolves,2,0,3,0,1035440,39,,,,,,,,,,,
2023,2024-03-02,Fulham,Brighton,2,0,3,0,1035437,39,,,,,,,,,,,
2023,2024-03-02,Everton,West Ham,0,0,1,3,1035436,39,,,,,,,,,,,
2023,2024-03-02,Tottenham,Crystal Palace,0,0,3,1,1035443,39,,,,,,,,,,,
2023,2024-03-02,Brentford,Chelsea,0,1,2,2,1035434,39,,,,,,,,,,,
2023,2024-03-02,Nottingham Forest,Liverpool,0,0,0,1,1035441,39,,,,,,,,,,,
2023,2024-03-02,Luton,Aston Villa,0,2,2,3,1035438,39,,,,,,,,,,,
2023,2024-03-03,Burnley,Bournemouth,0,1,0,2,1035435,39,,,,,,,,,,,
2023,2024-03-03,Manchester City,Manchester United,0,1,3,1,1035439,39,,,,,,,,,,,
2023,2024-03-04,Sheffield Utd,Arsenal,0,5,0,6,1035442,39,,,,,,,,,,,
2023,2024-03-09,Manchester United,Everton,2,0,2,0,1035451,39,,,,,,,,,,,
2023,2024-03-09,Bournemouth,Sheffield Utd,0,1,2,2,1035444,39,,,,,,,,,,,
2023,2024-03-09,Wolves,Fulham,0,0,2,1,1035453,39,,,,,,,,,,,
2023,2024-03-09,Crystal Palace,Luton,1,0,1,1,1035449,39,,,,,,,,,,,
2023,2024-03-09,Arsenal,Brentford,1,1,2,1,1035445,39,,,,,,,,,,,
2023,2024-03-10,Aston Villa,Tottenham,0,0,0,4,1035446,39,,,,,,,,,,,
2023,2024-03-10,West Ham,Burnley,0,2,2,2,1035452,39,,,,,,,,,,,
2023,2024-03-10,Brighton,Nottingham Forest,1,0,1,0,1035447,39,,,,,,,,,,,
2023,2024-03-10,Liverpool,Manchester City,0,1,1,1,1035450,39,,,,,,,,,,,
2023,2024-03-11,Chelsea,Newcastle,1,1,3,2,1035448,39,,,,,,,,,,,
2023,2024-03-13,Bournemouth,Luton,0,3,4,3,1035334,39,,,,,,,,,,,
2023,2024-03-16,Burnley,Brentford,1,0,2,1,1035456,39,,,,,,,,,,,
2023,2024-03-16,Luton,Nottingham Forest,0,1,1,1,1035460,39,,,,,,,,,,,
2023,2024-03-16,Fulham,Tottenham,1,0,3,0,1035459,39,,,,,,,,,,,
2023,2024-03-17,West Ham,Aston Villa,1,0,1,1,1035462,39,,,,,,,,,,,
2023,2024-03-30,Newcastle,West Ham,1,2,4,3,1035470,39,,,,,,,,,,,
2023,2024-03-30,Bournemouth,Everton,0,0,2,1,1035464,39,,,,,,,,,,,
2023,2024-03-30,Tottenham,Luton,0,1,2,1,1035473,39,,,,,,,,,,,
2023,2024-03-30,Chelsea,Burnley,1,0,2,2,1035467,39,,,,,,,,,,,
2023,2024-03-30,Sheffield Utd,Fulham,0,0,3,3,1035472,39,,,,,,,,,,,
2023,2024-03-30,Nottingham Forest,Crystal Palace,0,1,1,1,1035471,39,,,,,,,,,,,
2023,2024-03-30,Aston Villa,Wolves,1,0,2,0,1035465,39,,,,,,,,,,,
2023,2024-03-30,Brentford,Manchester United,0,0,1,1,1035466,39,,,,,,,,,,,
2023,2024-03-31,Liverpool,Brighton,1,1,2,1,1035468,39,,,,,,,,,,,
2023,2024-03-31,Manchester City,Arsenal,0,0,0,0,1035469,39,,,,,,,,,,,
2023,2024-04-02,Newcastle,Everton,1,0,1,1,1035481,39,,,,,,,,,,,
2023,2024-04-02,Nottingham Forest,Fulham,3,0,3,1,1035478,39,,,,,,,,,,,
2023,2024-04-02,Bournemouth,Crystal Palace,0,0,1,0,1035474,39,,,,,,,,,,,
2023,2024-04-02,Burnley,Wolves,1,1,1,1,1035477,39,,,,,,,,,,,
2023,2024-04-02,West Ham,Tottenham,1,1,1,1,1035479,39,,,,,,,,,,,
2023,2024-04-03,Arsenal,Luton,2,0,2,0,1035475,39,,,,,,,,,,,
2023,2024-04-03,Brentford,Brighton,0,0,0,0,1035476,39,,,,,,,,,,,
2023,2024-04-03,Manchester City,Aston Villa,2,1,4,1,1035483,39,,,,,,,,,,,
2023,2024-04-04,Liverpool,Sheffield Utd,1,0,3,1,1035482,39,,,,,,,,,,,
2023,2024-04-04,Chelsea,Manchester United,2,2,4,3,1035480,39,,,,,,,,,,,
2023,2024-04-06,Crystal Palace,Manchester City,1,1,2,4,1035486,39,,,,,,,,,,,
2023,2024-04-06,Fulham,Newcastle,0,0,0,1,1035488,39,,,,,,,,,,,
2023,2024-04-06,Wolves,West Ham,1,0,1,2,1035493,39,,,,,,,,,,,
2023,2024-04-06,Everton,Burnley,1,0,1,0,1035487,39,,,,,,,,,,,
2023,2024-04-06,Aston Villa,Brentford,1,0,3,3,1035484,39,,,,,,,,,,,
2023,2024-04-06,Luton,Bournemouth,0,0,2,1,1035489,39,,,,,,,,,,,
2023,2024-04-06,Brighton,Arsenal,0,1,0,3,1035485,39,,,,,,,,,,,
2023,2024-04-07,Manchester United,Liverpool,0,1,2,2,1035490,39,,,,,,,,,,,
2023,2024-04-07,Sheffield Utd,Chelsea,1,1,2,2,1035491,39,,,,,,,,,,,
2023,2024-04-07,Tottenham,Nottingham Forest,1,1,3,1,1035492,39,,,,,,,,,,,
2023,2024-04-13,Newcastle,Tottenham,2,0,4,0,1035501,39,,,,,,,,,,,
2023,2024-04-13,Burnley,Brighton,0,0,1,1,1035497,39,,,,,,,,,,,
2023,2024-04-13,Manchester City,Luton,1,0,5,1,1035500,39,,,,,,,,,,,
2023,2024-04-13,Brentford,Sheffield Utd,0,0,2,0,1035496,39,,,,,,,,,,,
2023,2024-04-13,Nottingham Forest,Wolves,1,1,2,2,1035502,39,,,,,,,,,,,
2023,2024-04-13,Bournemouth,Manchester United,2,1,2,2,1035494,39,,,,,,,,,,,
2023,2024-04-14,Liverpool,Crystal Palace,0,1,0,1,1035499,39,,,,,,,,,,,
2023,2024-04-14,West Ham,Fulham,0,1,0,2,1035503,39,,,,,,,,,,,
2023,2024-04-14,Arsenal,Aston Villa,0,0,0,2,1035495,39,,,,,,,,,,,
2023,2024-04-15,Chelsea,Everton,4,0,6,0,1035498,39,,,,,,,,,,,
2023,2024-04-20,Sheffield Utd,Burnley,0,2,1,4,1035511,39,,,,,,,,,,,
2023,2024-04-20,Luton,Brentford,0,2,1,5,1035509,39,,,,,,,,,,,
2023,2024-04-20,Wolves,Arsenal,0,1,0,2,1035513,39,,,,,,,,,,,
2023,2024-04-21,Everton,Nottingham Forest,1,0,2,0,1035507,39,,,,,,,,,,,
2023,2024-04-21,Crystal Palace,West Ham,4,1,5,2,1035506,39,,,,,,,,,,,
2023,2024-04-21,Aston Villa,Bournemouth,1,1,3,1,1035504,39,,,,,,,,,,,
2023,2024-04-21,Fulham,Liverpool,1,1,1,3,1035508,39,,,,,,,,,,,
2023,2024-04-23,Arsenal,Chelsea,1,0,5,0,1035454,39,,,,,,,,,,,
2023,2024-04-24,Wolves,Bournemouth,0,1,0,1,1035463,39,,,,,,,,,,,
2023,2024-04-24,Manchester United,Sheffield Utd,1,1,4,2,1035461,39,,,,,,,,,,,
2023,2024-04-24,Everton,Liverpool,1,0,2,0,1035458,39,,,,,,,,,,,
2023,2024-04-24,Crystal Palace,Newcastle,0,0,2,0,1035457,39,,,,,,,,,,,
2023,2024-04-25,Brighton,Manchester City,0,3,0,4,1035455,39,,,,,,,,,,,
2023,2024-04-27,West Ham,Liverpool,1,0,2,2,1035522,39,,,,,,,,,,,
2023,2024-04-27,Manchester United,Burnley,0,0,1,1,1035518,39,,,,,,,,,,,
2023,2024-04-27,Newcastle,Sheffield Utd,1,1,5,1,1035519,39,,,,,,,,,,,
2023,2024-04-27,Fulham,Crystal Palace,0,0,1,1,1035517,39,,,,,,,,,,,
2023,2024-04-27,Wolves,Luton,1,0,2,1,1035523,39,,,,,,,,,,,
2023,2024-04-27,Everton,Brentford,0,0,1,0,1035516,39,,,,,,,,,,,
2023,2024-04-27,Aston Villa,Chelsea,2,0,2,2,1035515,39,,,,,,,,,,,
2023,2024-04-28,Bournemouth,Brighton,1,0,3,0,1035514,39,,,,,,,,,,,
2023,2024-04-28,Tottenham,Arsenal,0,3,2,3,1035521,39,,,,,,,,,,,
2023,2024-04-28,Nottingham Forest,Manchester City,0,1,0,2,1035520,39,,,,,,,,,,,
2023,2024-05-02,Chelsea,Tottenham,1,0,2,0,1035428,39,,,,,,,,,,,
2023,2024-05-03,Luton,Everton,1,1,1,1,1035531,39,,,,,,,,,,,
2023,2024-05-04,Arsenal,Bournemouth,1,0,3,0,1035524,39,,,,,,,,,,,
2023,2024-05-04,Burnley,Newcastle,0,3,1,4,1035527,39,,,,,,,,,,,
2023,2024-05-04,Brentford,Fulham,0,0,0,0,1035525,39,,,,,,,,,,,
2023,2024-05-04,Sheffield Utd,Nottingham Forest,1,1,1,3,1035533,39,,,,,,,,,,,
2023,2024-05-04,Manchester City,Wolves,3,0,5,1,1035532,39,,,,,,,,,,,
2023,2024-05-05,Chelsea,West Ham,3,0,5,0,1035528,39,,,,,,,,,,,
2023,2024-05-05,Brighton,Aston Villa,0,0,1,0,1035526,39,,,,,,,,,,,
2023,2024-05-05,Liverpool,Tottenham,2,0,4,2,1035530,39,,,,,,,,,,,
2023,2024-05-06,Crystal Palace,Manchester United,2,0,4,0,1035529,39,,,,,,,,,,,
2023,2024-05-11,Fulham,Manchester City,0,1,0,4,1035537,39,,,,,,,,,,,
2023,2024-05-11,Newcastle,Brighton,1,1,1,1,1035539,39,,,,,,,,,,,
2023,2024-05-11,Bournemouth,Brentford,0,0,1,2,1035534,39,,,,,,,,,,,
2023,2024-05-11,Wolves,Crystal Palace,0,2,1,3,1035543,39,,,,,,,,,,,
2023,2024-05-11,Everton,Sheffield Utd,1,0,1,0,1035536,39,,,,,,,,,,,
2023,2024-05-11,Tottenham,Burnley,1,1,2,1,1035541,39,,,,,,,,,,,
2023,2024-05-11,West Ham,Luton,0,1,3,1,1035542,39,,,,,,,,,,,
2023,2024-05-11,Nottingham Forest,Chelsea,1,1,2,3,1035540,39,,,,,,,,,,,
2023,2024-05-12,Manchester United,Arsenal,0,1,0,1,1035538,39,,,,,,,,,,,
2023,2024-05-13,Aston Villa,Liverpool,1,2,3,3,1035535,39,,,,,,,,,,,
2023,2024-05-14,Tottenham,Manchester City,0,0,0,2,1035512,39,,,,,,,,,,,
2023,2024-05-15,Brighton,Chelsea,0,1,1,2,1035505,39,,,,,,,,,,,
2023,2024-05-15,Manchester United,Newcastle,1,0,3,2,1035510,39,,,,,,,,,,,
2023,2024-05-19,Liverpool,Wolves,2,0,2,0,1035550,39,,,,,,,,,,,
2023,2024-05-19,Arsenal,Everton,1,1,2,1,1035544,39,,,,,,,,,,,
2023,2024-05-19,Burnley,Nottingham Forest,0,2,1,2,1035547,39,,,,,,,,,,,
2023,2024-05-19,Chelsea,Bournemouth,1,0,2,1,1035548,39,,,,,,,,,,,
2023,2024-05-19,Manchester City,West Ham,2,1,3,1,1035552,39,,,,,,,,,,,
2023,2024-05-19,Brighton,Manchester United,0,0,0,2,1035546,39,,,,,,,,,,,
2023,2024-05-19,Crystal Palace,Aston Villa,2,0,5,0,1035549,39,,,,,,,,,,,
2023,2024-05-19,Brentford,Newcastle,0,3,2,4,1035545,39,,,,,,,,,,,
2023,2024-05-19,Sheffield Utd,Tottenham,0,1,0,3,1035553,39,,,,,,,,,,,
2023,2024-05-19,Luton,Fulham,1,2,2,4,1035551,39,,,,,,,,,,,
2024,2024-08-16,Manchester United,Fulham,0,0,1,0,1208021,39,,,,,,,,,,,
2024,2024-08-17,Ipswich,Liverpool,0,0,0,2,1208022,39,,,,,,,,,,,
2024,2024-08-17,Newcastle,Southampton,1,0,1,0,1208025,39,,,,,,,,,,,
2024,2024-08-17,Arsenal,Wolves,1,0,2,0,1208023,39,,,,,,,,,,,
2024,2024-08-17,Everton,Brighton,0,1,0,3,1208024,39,,,,,,,,,,,
2024,2024-08-17,Nottingham Forest,Bournemouth,1,0,1,1,1208026,39,,,,,,,,,,,
2024,2024-08-17,West Ham,Aston Villa,1,1,1,2,1208027,39,,,,,,,,,,,
2024,2024-08-18,Brentford,Crystal Palace,1,0,2,1,1208028,39,,,,,,,,,,,
2024,2024-08-18,Chelsea,Manchester City,0,1,0,2,1208029,39,,,,,,,,,,,
2024,2024-08-19,Leicester,Tottenham,0,1,1,1,1208030,39,,,,,,,,,,,
2024,2024-08-24,Brighton,Manchester United,1,0,2,1,1208033,39,,,,,,,,,,,
2024,2024-08-24,Fulham,Leicester,1,1,2,1,1208035,39,,,,,,,,,,,
2024,2024-08-24,Southampton,Nottingham Forest,0,0,0,1,1208038,39,,,,,,,,,,,
2024,2024-08-24,Tottenham,Everton,2,0,4,0,1208039,39,,,,,,,,,,,
2024,2024-08-24,Manchester City,Ipswich,3,1,4,1,1208037,39,,,,,,,,,,,
2024,2024-08-24,Crystal Palace,West Ham,0,0,0,2,1208034,39,,,,,,,,,,,
2024,2024-08-24,Aston Villa,Arsenal,0,0,0,2,1208032,39,,,,,,,,,,,
2024,2024-08-25,Bournemouth,Newcastle,1,0,1,1,1208031,39,,,,,,,,,,,
2024,2024-08-25,Wolves,Chelsea,2,2,2,6,1208040,39,,,,,,,,,,,
2024,2024-08-25,Liverpool,Brentford,1,0,2,0,1208036,39,,,,,,,,,,,
2024,2024-08-31,Arsenal,Brighton,1,0,1,1,1208041,39,,,,,,,,,,,
2024,2024-08-31,Everton,Bournemouth,0,0,2,3,1208044,39,,,,,,,,,,,
2024,2024-08-31,Leicester,Aston Villa,0,1,1,2,1208046,39,,,,,,,,,,,
2024,2024-08-31,Brentford,Southampton,1,0,3,1,1208042,39,,,,,,,,,,,
2024,2024-08-31,Ipswich,Fulham,1,1,1,1,1208045,39,,,,,,,,,,,
2024,2024-08-31,Nottingham Forest,Wolves,1,1,1,1,1208049,39,,,,,,,,,,,
2024,2024-08-31,West Ham,Manchester City,1,2,1,3,1208050,39,,,,,,,,,,,
2024,2024-09-01,Newcastle,Tottenham,1,0,2,1,1208048,39,,,,,,,,,,,
2024,2024-09-01,Chelsea,Crystal Palace,1,0,1,1,1208043,39,,,,,,,,,,,
2024,2024-09-01,Manchester United,Liverpool,0,2,0,3,1208047,39,,,,,,,,,,,
2024,2024-09-14,Southampton,Manchester United,0,2,0,3,1208058,39,,,,,,,,,,,
2024,2024-09-14,Fulham,West Ham,1,0,1,1,1208055,39,,,,,,,,,,,
2024,2024-09-14,Liverpool,Nottingham Forest,0,0,0,1,1208056,39,,,,,,,,,,,
2024,2024-09-14,Manchester City,Brentford,2,1,2,1,1208057,39,,,,,,,,,,,
2024,2024-09-14,Brighton,Ipswich,0,0,0,0,1208053,39,,,,,,,,,,,
2024,2024-09-14,Crystal Palace,Leicester,0,1,2,2,1208054,39,,,,,,,,,,,
2024,2024-09-14,Aston Villa,Everton,1,2,3,2,1208052,39,,,,,,,,,,,
2024,2024-09-14,Bournemouth,Chelsea,0,0,0,1,1208051,39,,,,,,,,,,,
2024,2024-09-15,Tottenham,Arsenal,0,0,0,1,1208059,39,,,,,,,,,,,
2024,2024-09-15,Wolves,Newcastle,1,0,1,2,1208060,39,,,,,,,,,,,
2024,2024-09-21,West Ham,Chelsea,0,2,0,3,1208070,39,,,,,,,,,,,
2024,2024-09-21,Fulham,Newcastle,2,0,3,1,1208064,39,,,,,,,,,,,
2024,2024-09-21,Liverpool,Bournemouth,3,0,3,0,1208066,39,,,,,,,,,,,
2024,2024-09-21,Southampton,Ipswich,1,0,1,1,1208068,39,,,,,,,,,,,
2024,2024-09-21,Leicester,Everton,0,1,1,1,1208065,39,,,,,,,,,,,
2024,2024-09-21,Tottenham,Brentford,2,1,3,1,1208069,39,,,,,,,,,,,
2024,2024-09-21,Aston Villa,Wolves,0,1,3,1,1208061,39,,,,,,,,,,,
2024,2024-09-21,Crystal Palace,Manchester United,0,0,0,0,1208063,39,,,,,,,,,,,
2024,2024-09-22,Brighton,Nottingham Forest,2,1,2,2,1208062,39,,,,,,,,,,,
2024,2024-09-22,Manchester City,Arsenal,1,2,2,2,1208067,39,,,,,,,,,,,
2024,2024-09-28,Newcastle,Manchester City,0,1,1,1,1208078,39,,,,,,,,,,,
2024,2024-09-28,Arsenal,Leicester,2,0,4,2,1208072,39,,,,,,,,,,,
2024,2024-09-28,Everton,Crystal Palace,0,1,2,1,1208075,39,,,,,,,,,,,
2024,2024-09-28,Chelsea,Brighton,4,2,4,2,1208074,39,,,,,,,,,,,
2024,2024-09-28,Brentford,West Ham,1,0,1,1,1208073,39,,,,,,,,,,,
2024,2024-09-28,Nottingham Forest,Fulham,0,0,0,1,1208079,39,,,,,,,,,,,
2024,2024-09-28,Wolves,Liverpool,0,1,1,2,1208080,39,,,,,,,,,,,
2024,2024-09-29,Ipswich,Aston Villa,1,2,2,2,1208076,39,,,,,,,,,,,
2024,2024-09-29,Manchester United,Tottenham,0,1,0,3,1208077,39,,,,,,,,,,,
2024,2024-09-30,Bournemouth,Southampton,3,0,3,1,1208071,39,,,,,,,,,,,
2024,2024-10-05,Crystal Palace,Liverpool,0,1,0,1,1208086,39,,,,,,,,,,,
2024,2024-10-05,Arsenal,Southampton,0,0,3,1,1208081,39,,,,,,,,,,,
2024,2024-10-05,Leicester,Bournemouth,1,0,1,0,1208088,39,,,,,,,,,,,
2024,2024-10-05,West Ham,Ipswich,2,1,4,1,1208090,39,,,,,,,,,,,
2024,2024-10-05,Manchester City,Fulham,1,1,3,2,1208089,39,,,,,,,,,,,
2024,2024-10-05,Brentford,Wolves,4,2,5,3,1208083,39,,,,,,,,,,,
2024,2024-10-05,Everton,Newcastle,0,0,0,0,1208087,39,,,,,,,,,,,
2024,2024-10-06,Chelsea,Nottingham Forest,0,0,1,1,1208085,39,,,,,,,,,,,
2024,2024-10-06,Aston Villa,Manchester United,0,0,0,0,1208082,39,,,,,,,,,,,
2024,2024-10-06,Brighton,Tottenham,0,2,3,2,1208084,39,,,,,,,,,,,
2024,2024-10-19,Tottenham,West Ham,1,1,4,1,1208099,39,,,,,,,,,,,
2024,2024-10-19,Manchester United,Brentford,0,1,2,1,1208095,39,,,,,,,,,,,
2024,2024-10-19,Newcastle,Brighton,0,1,0,1,1208096,39,,,,,,,,,,,
2024,2024-10-19,Fulham,Aston Villa,1,1,1,3,1208092,39,,,,,,,,,,,
2024,2024-10-19,Southampton,Leicester,2,0,2,3,1208098,39,,,,,,,,,,,
2024,2024-10-19,Ipswich,Everton,0,2,0,2,1208093,39,,,,,,,,,,,
2024,2024-10-19,Bournemouth,Arsenal,0,0,2,0,1208091,39,,,,,,,,,,,
2024,2024-10-20,Wolves,Manchester City,1,1,1,2,1208100,39,,,,,,,,,,,
2024,2024-10-20,Liverpool,Chelsea,1,0,2,1,1208094,39,,,,,,,,,,,
2024,2024-10-21,Nottingham Forest,Crystal Palace,0,0,1,0,1208097,39,,,,,,,,,,,
2024,2024-10-25,Leicester,Nottingham Forest,1,1,1,3,1208110,39,,,,,,,,,,,
2024,2024-10-26,Manchester City,Southampton,1,0,1,0,1208111,39,,,,,,,,,,,
2024,2024-10-26,Brighton,Wolves,1,0,2,2,1208106,39,,,,,,,,,,,
2024,2024-10-26,Brentford,Ipswich,2,2,4,3,1208105,39,,,,,,,,,,,
2024,2024-10-26,Aston Villa,Bournemouth,0,0,1,1,1208104,39,,,,,,,,,,,
2024,2024-10-26,Everton,Fulham,0,0,1,1,1208109,39,,,,,,,,,,,
2024,2024-10-27,West Ham,Manchester United,0,0,2,1,1208112,39,,,,,,,,,,,
2024,2024-10-27,Chelsea,Newcastle,1,1,2,1,1208107,39,,,,,,,,,,,
2024,2024-10-27,Crystal Palace,Tottenham,1,0,1,0,1208108,39,,,,,,,,,,,
2024,2024-10-27,Arsenal,Liverpool,2,1,2,2,1208103,39,,,,,,,,,,,
2024,2024-11-02,Newcastle,Arsenal,1,0,1,0,1208118,39,,,,,,,,,,,
2024,2024-11-02,Bournemouth,Manchester City,1,0,2,1,1208113,39,,,,,,,,,,,
2024,2024-11-02,Liverpool,Brighton,0,1,2,1,1208116,39,,,,,,,,,,,
2024,2024-11-02,Southampton,Everton,0,0,1,0,1208120,39,,,,,,,,,,,
2024,2024-11-02,Ipswich,Leicester,0,0,1,1,1208115,39,,,,,,,,,,,
2024,2024-11-02,Nottingham Forest,West Ham,1,0,3,0,1208119,39,,,,,,,,,,,
2024,2024-11-02,Wolves,Crystal Palace,0,0,2,2,1208122,39,,,,,,,,,,,
2024,2024-11-03,Tottenham,Aston Villa,0,1,4,1,1208121,39,,,,,,,,,,,
2024,2024-11-03,Manchester United,Chelsea,0,0,1,1,1208117,39,,,,,,,,,,,
2024,2024-11-04,Fulham,Brentford,0,1,2,1,1208114,39,,,,,,,,,,,
2024,2024-11-09,Wolves,Southampton,1,0,2,0,1208132,39,,,,,,,,,,,
2024,2024-11-09,West Ham,Everton,0,0,0,0,1208131,39,,,,,,,,,,,
2024,2024-11-09,Crystal Palace,Fulham,0,1,0,2,1208126,39,,,,,,,,,,,
2024,2024-11-09,Brentford,Bournemouth,1,1,3,2,1208123,39,,,,,,,,,,,
2024,2024-11-09,Brighton,Manchester City,0,1,2,1,1208124,39,,,,,,,,,,,
2024,2024-11-09,Liverpool,Aston Villa,1,0,2,0,1208127,39,,,,,,,,,,,
2024,2024-11-10,Manchester United,Leicester,2,0,3,0,1208128,39,,,,,,,,,,,
2024,2024-11-10,Tottenham,Ipswich,0,2,1,2,1208130,39,,,,,,,,,,,
2024,2024-11-10,Nottingham Forest,Newcastle,1,0,1,3,1208129,39,,,,,,,,,,,
2024,2024-11-10,Chelsea,Arsenal,0,0,1,1,1208125,39,,,,,,,,,,,
2024,2024-11-23,Leicester,Chelsea,0,1,1,2,1208139,39,,,,,,,,,,,
2024,2024-11-23,Bournemouth,Brighton,0,1,1,2,1208133,39,,,,,,,,,,,
2024,2024-11-23,Fulham,Wolves,1,1,1,4,1208137,39,,,,,,,,,,,
2024,2024-11-23,Arsenal,Nottingham Forest,1,0,3,0,1208134,39,,,,,,,,,,,
2024,2024-11-23,Everton,Brentford,0,0,0,0,1208136,39,,,,,,,,,,,
2024,2024-11-23,Aston Villa,Crystal Palace,1,2,2,2,1208135,39,,,,,,,,,,,
2024,2024-11-23,Manchester City,Tottenham,0,2,0,4,1208140,39,,,,,,,,,,,
2024,2024-11-24,Southampton,Liverpool,1,1,2,3,1208142,39,,,,,,,,,,,
2024,2024-11-24,Ipswich,Manchester United,1,1,1,1,1208138,39,,,,,,,,,,,
2024,2024-11-25,Newcastle,West Ham,0,1,0,2,1208141,39,,,,,,,,,,,
2024,2024-11-29,Brighton,Southampton,1,0,1,1,1208144,39,,,,,,,,,,,
2024,2024-11-30,Wolves,Bournemouth,1,3,2,4,1208152,39,,,,,,,,,,,
2024,2024-11-30,Crystal Palace,Newcastle,0,0,1,1,1208146,39,,,,,,,,,,,
2024,2024-11-30,Brentford,Leicester,3,1,4,1,1208143,39,,,,,,,,,,,
2024,2024-11-30,Nottingham Forest,Ipswich,0,0,1,0,1208149,39,,,,,,,,,,,
2024,2024-11-30,West Ham,Arsenal,2,5,2,5,1208151,39,,,,,,,,,,,
2024,2024-12-01,Manchester United,Everton,2,0,4,0,1208148,39,,,,,,,,,,,
2024,2024-12-01,Tottenham,Fulham,0,0,1,1,1208150,39,,,,,,,,,,,
2024,2024-12-01,Chelsea,Aston Villa,2,0,3,0,1208145,39,,,,,,,,,,,
2024,2024-12-01,Liverpool,Manchester City,1,0,2,0,1208147,39,,,,,,,,,,,
2024,2024-12-03,Ipswich,Crystal Palace,0,0,0,1,1208158,39,,,,,,,,,,,
2024,2024-12-03,Leicester,West Ham,1,0,3,1,1208159,39,,,,,,,,,,,
2024,2024-12-04,Newcastle,Liverpool,1,0,3,3,1208161,39,,,,,,,,,,,
2024,2024-12-04,Southampton,Chelsea,1,3,1,5,1208162,39,,,,,,,,,,,
2024,2024-12-04,Everton,Wolves,2,0,4,0,1208156,39,,,,,,,,,,,
2024,2024-12-04,Manchester City,Nottingham Forest,2,0,3,0,1208160,39,,,,,,,,,,,
2024,2024-12-04,Arsenal,Manchester United,0,0,2,0,1208154,39,,,,,,,,,,,
2024,2024-12-04,Aston Villa,Brentford,3,0,3,1,1208155,39,,,,,,,,,,,
2024,2024-12-05,Fulham,Brighton,1,0,3,1,1208157,39,,,,,,,,,,,
2024,2024-12-05,Bournemouth,Tottenham,1,0,1,0,1208153,39,,,,,,,,,,,
2024,2024-12-07,Crystal Palace,Manchester City,1,1,2,2,1208165,39,,,,,,,,,,,
2024,2024-12-07,Brentford,Newcastle,2,2,4,2,1208164,39,,,,,,,,,,,
2024,2024-12-07,Aston Villa,Southampton,1,0,1,0,1208163,39,,,,,,,,,,,
2024,2024-12-07,Manchester United,Nottingham Forest,1,1,2,3,1208170,39,,,,,,,,,,,
2024,2024-12-08,Fulham,Arsenal,1,0,1,1,1208167,39,,,,,,,,,,,
2024,2024-12-08,Leicester,Brighton,0,1,2,2,1208169,39,,,,,,,,,,,
2024,2024-12-08,Ipswich,Bournemouth,1,0,1,2,1208168,39,,,,,,,,,,,
2024,2024-12-08,Tottenham,Chelsea,2,1,3,4,1208171,39,,,,,,,,,,,
2024,2024-12-09,West Ham,Wolves,0,0,2,1,1208172,39,,,,,,,,,,,
2024,2024-12-14,Newcastle,Leicester,1,0,4,0,1208179,39,,,,,,,,,,,
2024,2024-12-14,Wolves,Ipswich,0,1,1,2,1208182,39,,,,,,,,,,,
2024,2024-12-14,Liverpool,Fulham,0,1,2,2,1208177,39,,,,,,,,,,,
2024,2024-12-14,Arsenal,Everton,0,0,0,0,1208174,39,,,,,,,,,,,
2024,2024-12-14,Nottingham Forest,Aston Villa,0,0,2,1,1208180,39,,,,,,,,,,,
2024,2024-12-15,Brighton,Crystal Palace,0,2,1,3,1208175,39,,,,,,,,,,,
2024,2024-12-15,Manchester City,Manchester United,1,0,1,2,1208178,39,,,,,,,,,,,
2024,2024-12-15,Southampton,Tottenham,0,5,0,5,1208181,39,,,,,,,,,,,
2024,2024-12-15,Chelsea,Brentford,1,0,2,1,1208176,39,,,,,,,,,,,
2024,2024-12-16,Bournemouth,West Ham,0,0,1,1,1208173,39,,,,,,,,,,,
2024,2024-12-21,Aston Villa,Manchester City,1,0,2,1,1208183,39,,,,,,,,,,,
2024,2024-12-21,West Ham,Brighton,0,0,1,1,1208192,39,,,,,,,,,,,
2024,2024-12-21,Brentford,Nottingham Forest,0,1,0,2,1208184,39,,,,,,,,,,,
2024,2024-12-21,Ipswich,Newcastle,0,3,0,4,1208188,39,,,,,,,,,,,
2024,2024-12-21,Crystal Palace,Arsenal,1,3,1,5,1208185,39,,,,,,,,,,,
2024,2024-12-22,Manchester United,Bournemouth,0,1,0,3,1208190,39,,,,,,,,,,,
2024,2024-12-22,Fulham,Southampton,0,0,0,0,1208187,39,,,,,,,,,,,
2024,2024-12-22,Everton,Chelsea,0,0,0,0,1208186,39,,,,,,,,,,,
2024,2024-12-22,Leicester,Wolves,0,3,0,3,1208189,39,,,,,,,,,,,
2024,2024-12-22,Tottenham,Liverpool,1,3,3,6,1208191,39,,,,,,,,,,,
2024,2024-12-26,Manchester City,Everton,1,1,1,1,1208198,39,,,,,,,,,,,
2024,2024-12-26,Newcastle,Aston Villa,1,0,3,0,1208199,39,,,,,,,,,,,
2024,2024-12-26,Bournemouth,Crystal Palace,0,0,0,0,1208193,39,,,,,,,,,,,
2024,2024-12-26,Southampton,West Ham,0,0,0,1,1208201,39,,,,,,,,,,,
2024,2024-12-26,Chelsea,Fulham,1,0,1,2,1208196,39,,,,,,,,,,,
2024,2024-12-26,Nottingham Forest,Tottenham,1,0,1,0,1208200,39,,,,,,,,,,,
2024,2024-12-26,Wolves,Manchester United,0,0,2,0,1208202,39,,,,,,,,,,,
2024,2024-12-26,Liverpool,Leicester,1,1,3,1,1208197,39,,,,,,,,,,,
2024,2024-12-27,Brighton,Brentford,0,0,0,0,1208195,39,,,,,,,,,,,
2024,2024-12-27,Arsenal,Ipswich,1,0,1,0,1208194,39,,,,,,,,,,,
2024,2024-12-29,Leicester,Manchester City,0,1,0,2,1208209,39,,,,,,,,,,,
2024,2024-12-29,Fulham,Bournemouth,1,0,2,2,1208207,39,,,,,,,,,,,
2024,2024-12-29,Everton,Nottingham Forest,0,1,0,2,1208206,39,,,,,,,,,,,
2024,2024-12-29,Tottenham,Wolves,2,1,2,2,1208211,39,,,,,,,,,,,
2024,2024-12-29,Crystal Palace,Southampton,1,1,2,1,1208205,39,,,,,,,,,,,
2024,2024-12-29,West Ham,Liverpool,0,3,0,5,1208212,39,,,,,,,,,,,
2024,2024-12-30,Ipswich,Chelsea,1,0,2,0,1208208,39,,,,,,,,,,,
2024,2024-12-30,Aston Villa,Brighton,1,1,2,2,1208203,39,,,,,,,,,,,
2024,2024-12-30,Manchester United,Newcastle,0,2,0,2,1208210,39,,,,,,,,,,,
2024,2025-01-01,Brentford,Arsenal,1,1,1,3,1208204,39,,,,,,,,,,,
2024,2025-01-04,Tottenham,Newcastle,1,2,1,2,1208221,39,,,,,,,,,,,
2024,2025-01-04,Bournemouth,Everton,0,0,1,0,1208213,39,,,,,,,,,,,
2024,2025-01-04,Southampton,Brentford,0,1,0,5,1208220,39,,,,,,,,,,,
2024,2025-01-04,Manchester City,West Ham,2,0,4,1,1208219,39,,,,,,,,,,,
2024,2025-01-04,Crystal Palace,Chelsea,0,1,1,1,1208216,39,,,,,,,,,,,
2024,2025-01-04,Aston Villa,Leicester,0,0,2,1,1208214,39,,,,,,,,,,,
2024,2025-01-04,Brighton,Arsenal,0,1,1,1,1208215,39,,,,,,,,,,,
2024,2025-01-05,Fulham,Ipswich,0,1,2,2,1208217,39,,,,,,,,,,,
2024,2025-01-05,Liverpool,Manchester United,0,0,2,2,1208218,39,,,,,,,,,,,
2024,2025-01-06,Wolves,Nottingham Forest,0,2,0,3,1208222,39,,,,,,,,,,,
2024,2025-01-14,West Ham,Fulham,2,0,3,2,1208229,39,,,,,,,,,,,
2024,2025-01-14,Chelsea,Bournemouth,1,0,2,2,1208230,39,,,,,,,,,,,
2024,2025-01-14,Brentford,Manchester City,0,0,2,2,1208224,39,,,,,,,,,,,
2024,2025-01-14,Nottingham Forest,Liverpool,1,0,1,1,1208228,39,,,,,,,,,,,
2024,2025-01-15,Newcastle,Wolves,1,0,3,0,1208231,39,,,,,,,,,,,
2024,2025-01-15,Everton,Aston Villa,0,0,0,1,1208225,39,,,,,,,,,,,
2024,2025-01-15,Leicester,Crystal Palace,0,0,0,2,1208227,39,,,,,,,,,,,
2024,2025-01-15,Arsenal,Tottenham,2,1,2,1,1208223,39,,,,,,,,,,,
2024,2025-01-16,Ipswich,Brighton,0,0,0,2,1208226,39,,,,,,,,,,,
2024,2025-01-16,Manchester United,Southampton,0,1,3,1,1208232,39,,,,,,,,,,,
2024,2025-01-18,Newcastle,Bournemouth,1,2,1,4,1208240,39,,,,,,,,,,,
2024,2025-01-18,Leicester,Fulham,0,0,0,2,1208238,39,,,,,,,,,,,
2024,2025-01-18,West Ham,Crystal Palace,0,0,0,2,1208242,39,,,,,,,,,,,
2024,2025-01-18,Brentford,Liverpool,0,0,0,2,1208234,39,,,,,,,,,,,
2024,2025-01-18,Arsenal,Aston Villa,1,0,2,2,1208233,39,,,,,,,,,,,
2024,2025-01-19,Manchester United,Brighton,1,1,1,3,1208239,39,,,,,,,,,,,
2024,2025-01-19,Everton,Tottenham,3,0,3,2,1208236,39,,,,,,,,,,,
2024,2025-01-19,Nottingham Forest,Southampton,3,0,3,2,1208241,39,,,,,,,,,,,
2024,2025-01-19,Ipswich,Manchester City,0,3,0,6,1208237,39,,,,,,,,,,,
2024,2025-01-20,Chelsea,Wolves,1,1,3,1,1208235,39,,,,,,,,,,,
2024,2025-01-25,Bournemouth,Nottingham Forest,1,0,5,0,1208243,39,,,,,,,,,,,
2024,2025-01-25,Wolves,Arsenal,0,0,0,1,1208252,39,,,,,,,,,,,
2024,2025-01-25,Liverpool,Ipswich,3,0,4,1,1208248,39,,,,,,,,,,,
2024,2025-01-25,Southampton,Newcastle,1,2,1,3,1208250,39,,,,,,,,,,,
2024,2025-01-25,Brighton,Everton,0,1,0,1,1208245,39,,,,,,,,,,,
2024,2025-01-25,Manchester City,Chelsea,1,1,3,1,1208249,39,,,,,,,,,,,
2024,2025-01-26,Tottenham,Leicester,1,0,1,2,1208251,39,,,,,,,,,,,
2024,2025-01-26,Crystal Palace,Brentford,0,0,1,2,1208246,39,,,,,,,,,,,
2024,2025-01-26,Aston Villa,West Ham,1,0,1,1,1208244,39,,,,,,,,,,,
2024,2025-01-26,Fulham,Manchester United,0,0,0,1,1208247,39,,,,,,,,,,,
2024,2025-02-01,Nottingham Forest,Brighton,3,0,7,0,1208261,39,,,,,,,,,,,
2024,2025-02-01,Newcastle,Fulham,1,0,1,2,1208260,39,,,,,,,,,,,
2024,2025-02-01,Bournemouth,Liverpool,0,1,0,2,1208253,39,,,,,,,,,,,
2024,2025-02-01,Everton,Leicester,3,0,4,0,1208257,39,,,,,,,,,,,
2024,2025-02-01,Ipswich,Southampton,1,1,1,2,1208258,39,,,,,,,,,,,
2024,2025-02-01,Wolves,Aston Villa,1,0,2,0,1208262,39,,,,,,,,,,,
2024,2025-02-02,Manchester United,Crystal Palace,0,0,0,2,1208259,39,,,,,,,,,,,
2024,2025-02-02,Brentford,Tottenham,0,1,0,2,1208255,39,,,,,,,,,,,
2024,2025-02-02,Arsenal,Manchester City,1,0,5,1,1208254,39,,,,,,,,,,,
2024,2025-02-03,Chelsea,West Ham,0,1,2,1,1208256,39,,,,,,,,,,,
2024,2025-02-12,Everton,Liverpool,1,1,2,2,1208166,39,,,,,,,,,,,
2024,2025-02-14,Brighton,Chelsea,2,0,3,0,1208264,39,,,,,,,,,,,
2024,2025-02-15,Leicester,Arsenal,0,0,0,2,1208267,39,,,,,,,,,,,
2024,2025-02-15,Fulham,Nottingham Forest,1,1,2,1,1208266,39,,,,,,,,,,,
2024,2025-02-15,Southampton,Bournemouth,0,2,1,3,1208270,39,,,,,,,,,,,
2024,2025-02-15,West Ham,Brentford,0,1,0,1,1208272,39,,,,,,,,,,,
2024,2025-02-15,Manchester City,Newcastle,3,0,4,0,1208269,39,,,,,,,,,,,
2024,2025-02-15,Aston Villa,Ipswich,0,0,1,1,1208263,39,,,,,,,,,,,
2024,2025-02-15,Crystal Palace,Everton,0,1,1,2,1208265,39,,,,,,,,,,,
2024,2025-02-16,Liverpool,Wolves,2,0,2,1,1208268,39,,,,,,,,,,,
2024,2025-02-16,Tottenham,Manchester United,1,0,1,0,1208271,39,,,,,,,,,,,
2024,2025-02-19,Aston Villa,Liverpool,2,1,2,2,1208305,39,,,,,,,,,,,
2024,2025-02-21,Leicester,Brentford,0,3,0,4,1208279,39,,,,,,,,,,,
2024,2025-02-22,Everton,Manchester United,2,0,2,2,1208276,39,,,,,,,,,,,
2024,2025-02-22,Bournemouth,Wolves,0,1,0,1,1208273,39,,,,,,,,,,,
2024,2025-02-22,Fulham,Crystal Palace,0,1,0,2,1208277,39,,,,,,,,,,,
2024,2025-02-22,Southampton,Brighton,0,1,0,4,1208282,39,,,,,,,,,,,
2024,2025-02-22,Arsenal,West Ham,0,1,0,1,1208274,39,,,,,,,,,,,
2024,2025-02-22,Ipswich,Tottenham,1,2,1,4,1208278,39,,,,,,,,,,,
2024,2025-02-22,Aston Villa,Chelsea,0,1,2,1,1208275,39,,,,,,,,,,,
2024,2025-02-23,Newcastle,Nottingham Forest,4,1,4,3,1208281,39,,,,,,,,,,,
2024,2025-02-23,Manchester City,Liverpool,0,2,0,2,1208280,39,,,,,,,,,,,
2024,2025-02-25,Wolves,Fulham,1,1,1,2,1208288,39,,,,,,,,,,,
2024,2025-02-25,Brighton,Bournemouth,1,0,2,1,1208284,39,,,,,,,,,,,
2024,2025-02-25,Crystal Palace,Aston Villa,1,0,4,1,1208289,39,,,,,,,,,,,
2024,2025-02-25,Chelsea,Southampton,3,0,4,0,1208290,39,,,,,,,,,,,
2024,2025-02-26,Manchester United,Ipswich,2,2,3,2,1208292,39,,,,,,,,,,,
2024,2025-02-26,Tottenham,Manchester City,0,1,0,1,1208286,39,,,,,,,,,,,
2024,2025-02-26,Brentford,Everton,1,0,1,1,1208283,39,,,,,,,,,,,
2024,2025-02-26,Nottingham Forest,Arsenal,0,0,0,0,1208285,39,,,,,,,,,,,
2024,2025-02-26,Liverpool,Newcastle,1,0,2,0,1208291,39,,,,,,,,,,,
2024,2025-02-27,West Ham,Leicester,2,0,2,0,1208287,39,,,,,,,,,,,
2024,2025-03-08,Nottingham Forest,Manchester City,0,0,1,0,1208299,39,,,,,,,,,,,
2024,2025-03-08,Liverpool,Southampton,0,1,3,1,1208297,39,,,,,,,,,,,
2024,2025-03-08,Brighton,Fulham,1,1,2,1,1208294,39,,,,,,,,,,,
2024,2025-03-08,Crystal Palace,Ipswich,0,0,1,0,1208296,39,,,,,,,,,,,
2024,2025-03-08,Brentford,Aston Villa,0,0,0,1,1208293,39,,,,,,,,,,,
2024,2025-03-08,Wolves,Everton,1,1,1,1,1208302,39,,,,,,,,,,,
2024,2025-03-09,Tottenham,Bournemouth,0,1,2,2,1208300,39,,,,,,,,,,,
2024,2025-03-09,Chelsea,Leicester,0,0,1,0,1208295,39,,,,,,,,,,,
2024,2025-03-09,Manchester United,Arsenal,1,0,1,1,1208298,39,,,,,,,,,,,
2024,2025-03-10,West Ham,Newcastle,0,0,0,1,1208301,39,,,,,,,,,,,
2024,2025-03-15,Southampton,Wolves,0,1,1,2,1208312,39,,,,,,,,,,,
2024,2025-03-15,Everton,West Ham,0,0,1,1,1208306,39,,,,,,,,,,,
2024,2025-03-15,Manchester City,Brighton,2,1,2,2,1208310,39,,,,,,,,,,,
2024,2025-03-15,Ipswich,Nottingham Forest,0,3,2,4,1208308,39,,,,,,,,,,,
2024,2025-03-15,Bournemouth,Brentford,1,1,1,2,1208303,39,,,,,,,,,,,
2024,2025-03-16,Fulham,Tottenham,0,0,2,0,1208307,39,,,,,,,,,,,
2024,2025-03-16,Arsenal,Chelsea,1,0,1,0,1208304,39,,,,,,,,,,,
2024,2025-03-16,Leicester,Manchester United,0,1,0,3,1208309,39,,,,,,,,,,,
2024,2025-04-01,Wolves,West Ham,1,0,1,0,1208317,39,,,,,,,,,,,
2024,2025-04-01,Arsenal,Fulham,1,0,2,1,1208314,39,,,,,,,,,,,
2024,2025-04-01,Nottingham Forest,Manchester United,1,0,1,0,1208316,39,,,,,,,,,,,
2024,2025-04-02,Newcastle,Brentford,1,0,2,1,1208320,39,,,,,,,,,,,
2024,2025-04-02,Bournemouth,Ipswich,0,1,1,2,1208313,39,,,,,,,,,,,
2024,2025-04-02,Southampton,Crystal Palace,1,0,1,1,1208321,39,,,,,,,,,,,
2024,2025-04-02,Manchester City,Leicester,2,0,2,0,1208319,39,,,,,,,,,,,
2024,2025-04-02,Brighton,Aston Villa,0,0,0,3,1208315,39,,,,,,,,,,,
2024,2025-04-02,Liverpool,Everton,0,0,1,0,1208322,39,,,,,,,,,,,
2024,2025-04-03,Chelsea,Tottenham,0,0,1,0,1208318,39,,,,,,,,,,,
2024,2025-04-05,Everton,Arsenal,0,1,1,1,1208326,39,,,,,,,,,,,
2024,2025-04-05,West Ham,Bournemouth,0,1,2,2,1208332,39,,,,,,,,,,,
2024,2025-04-05,Crystal Palace,Brighton,1,1,2,1,1208325,39,,,,,,,,,,,
2024,2025-04-05,Ipswich,Wolves,1,0,1,2,1208328,39,,,,,,,,,,,
2024,2025-04-05,Aston Villa,Nottingham Forest,2,0,2,1,1208323,39,,,,,,,,,,,
2024,2025-04-06,Fulham,Liverpool,3,1,3,2,1208327,39,,,,,,,,,,,
2024,2025-04-06,Tottenham,Southampton,2,0,3,1,1208331,39,,,,,,,,,,,
2024,2025-04-06,Brentford,Chelsea,0,0,0,0,1208324,39,,,,,,,,,,,
2024,2025-04-06,Manchester United,Manchester City,0,0,0,0,1208330,39,,,,,,,,,,,
2024,2025-04-07,Leicester,Newcastle,0,3,0,3,1208329,39,,,,,,,,,,,
2024,2025-04-12,Manchester City,Crystal Palace,2,2,5,2,1208338,39,,,,,,,,,,,
2024,2025-04-12,Southampton,Aston Villa,0,0,0,3,1208341,39,,,,,,,,,,,
2024,2025-04-12,Brighton,Leicester,1,1,2,2,1208335,39,,,,,,,,,,,
2024,2025-04-12,Nottingham Forest,Everton,0,0,0,1,1208340,39,,,,,,,,,,,
2024,2025-04-12,Arsenal,Brentford,0,0,1,1,1208334,39,,,,,,,,,,,
2024,2025-04-13,Wolves,Tottenham,2,0,4,2,1208342,39,,,,,,,,,,,
2024,2025-04-13,Liverpool,West Ham,1,0,2,1,1208337,39,,,,,,,,,,,
2024,2025-04-13,Chelsea,Ipswich,0,2,2,2,1208336,39,,,,,,,,,,,
2024,2025-04-13,Newcastle,Manchester United,1,1,4,1,1208339,39,,,,,,,,,,,
2024,2025-04-14,Bournemouth,Fulham,1,0,1,0,1208333,39,,,,,,,,,,,
2024,2025-04-16,Newcastle,Crystal Palace,4,0,5,0,1208311,39,,,,,,,,,,,
2024,2025-04-19,Everton,Manchester City,0,0,0,2,1208346,39,,,,,,,,,,,
2024,2025-04-19,West Ham,Southampton,0,0,1,1,1208352,39,,,,,,,,,,,
2024,2025-04-19,Crystal Palace,Bournemouth,0,0,0,0,1208345,39,,,,,,,,,,,
2024,2025-04-19,Brentford,Brighton,1,1,4,2,1208344,39,,,,,,,,,,,
2024,2025-04-19,Aston Villa,Newcastle,1,1,4,1,1208343,39,,,,,,,,,,,
2024,2025-04-20,Manchester United,Wolves,0,0,0,1,1208350,39,,,,,,,,,,,
2024,2025-04-20,Fulham,Chelsea,1,0,1,2,1208347,39,,,,,,,,,,,
2024,2025-04-20,Ipswich,Arsenal,0,2,0,4,1208348,39,,,,,,,,,,,
2024,2025-04-20,Leicester,Liverpool,0,0,0,1,1208349,39,,,,,,,,,,,
2024,2025-04-21,Tottenham,Nottingham Forest,0,2,1,2,1208351,39,,,,,,,,,,,
2024,2025-04-22,Manchester City,Aston Villa,1,1,2,1,1208358,39,,,,,,,,,,,
2024,2025-04-23,Arsenal,Crystal Palace,2,1,2,2,1208354,39,,,,,,,,,,,
2024,2025-04-26,Chelsea,Everton,1,0,1,0,1208356,39,,,,,,,,,,,
2024,2025-04-26,Newcastle,Ipswich,1,0,3,0,1208359,39,,,,,,,,,,,
2024,2025-04-26,Wolves,Leicester,1,0,3,0,1208362,39,,,,,,,,,,,
2024,2025-04-26,Southampton,Fulham,1,0,1,2,1208361,39,,,,,,,,,,,
2024,2025-04-26,Brighton,West Ham,1,0,3,2,1208355,39,,,,,,,,,,,
2024,2025-04-27,Bournemouth,Manchester United,1,0,1,1,1208353,39,,,,,,,,,,,
2024,2025-04-27,Liverpool,Tottenham,3,1,5,1,1208357,39,,,,,,,,,,,
2024,2025-05-01,Nottingham Forest,Brentford,0,1,0,2,1208360,39,,,,,,,,,,,
2024,2025-05-02,Manchester City,Wolves,1,0,1,0,1208371,39,,,,,,,,,,,
2024,2025-05-03,Aston Villa,Fulham,1,0,1,0,1208364,39,,,,,,,,,,,
2024,2025-05-03,Everton,Ipswich,2,1,2,2,1208369,39,,,,,,,,,,,
2024,2025-05-03,Leicester,Southampton,2,0,2,0,1208370,39,,,,,,,,,,,
2024,2025-05-03,Arsenal,Bournemouth,1,0,1,2,1208363,39,,,,,,,,,,,
2024,2025-05-04,West Ham,Tottenham,1,1,1,1,1208372,39,,,,,,,,,,,
2024,2025-05-04,Brighton,Newcastle,1,0,1,1,1208366,39,,,,,,,,,,,
2024,2025-05-04,Brentford,Manchester United,2,1,4,3,1208365,39,,,,,,,,,,,
2024,2025-05-04,Chelsea,Liverpool,1,0,3,1,1208367,39,,,,,,,,,,,
2024,2025-05-05,Crystal Palace,Nottingham Forest,0,0,1,1,1208368,39,,,,,,,,,,,
2024,2025-05-10,Fulham,Everton,1,1,1,3,1208374,39,,,,,,,,,,,
2024,2025-05-10,Wolves,Brighton,0,1,0,2,1208382,39,,,,,,,,,,,
2024,2025-05-10,Southampton,Manchester City,0,0,0,0,1208380,39,,,,,,,,,,,
2024,2025-05-10,Ipswich,Brentford,0,1,0,1,1208375,39,,,,,,,,,,,
2024,2025-05-10,Bournemouth,Aston Villa,0,1,0,1,1208373,39,,,,,,,,,,,
2024,2025-05-11,Newcastle,Chelsea,1,0,2,0,1208378,39,,,,,,,,,,,
2024,2025-05-11,Manchester United,West Ham,0,1,0,2,1208377,39,,,,,,,,,,,
2024,2025-05-11,Tottenham,Crystal Palace,0,1,0,2,1208381,39,,,,,,,,,,,
2024,2025-05-11,Nottingham Forest,Leicester,1,1,2,2,1208379,39,,,,,,,,,,,
2024,2025-05-11,Liverpool,Arsenal,2,0,2,2,1208376,39,,,,,,,,,,,
2024,2025-05-16,Aston Villa,Tottenham,0,0,2,0,1208384,39,,,,,,,,,,,
2024,2025-05-16,Chelsea,Manchester United,0,0,1,0,1208387,39,,,,,,,,,,,
2024,2025-05-18,Everton,Southampton,2,0,2,0,1208389,39,,,,,,,,,,,
2024,2025-05-18,West Ham,Nottingham Forest,0,1,1,2,1208392,39,,,,,,,,,,,
2024,2025-05-18,Leicester,Ipswich,1,0,2,0,1208390,39,,,,,,,,,,,
2024,2025-05-18,Brentford,Fulham,2,1,2,3,1208385,39,,,,,,,,,,,
2024,2025-05-18,Arsenal,Newcastle,0,0,1,0,1208383,39,,,,,,,,,,,
2024,2025-05-19,Brighton,Liverpool,1,2,3,2,1208386,39,,,,,,,,,,,
2024,2025-05-20,Manchester City,Bournemouth,2,0,3,1,1208391,39,,,,,,,,,,,
2024,2025-05-20,Crystal Palace,Wolves,2,1,4,2,1208388,39,,,,,,,,,,,
2024,2025-05-25,Manchester United,Aston Villa,0,0,2,0,1208397,39,,,,,,,,,,,
2024,2025-05-25,Newcastle,Everton,0,0,0,1,1208398,39,,,,,,,,,,,
2024,2025-05-25,Bournemouth,Leicester,0,0,2,0,1208393,39,,,,,,,,,,,
2024,2025-05-25,Fulham,Manchester City,0,1,0,2,1208394,39,,,,,,,,,,,
2024,2025-05-25,Wolves,Brentford,0,1,1,1,1208402,39,,,,,,,,,,,
2024,2025-05-25,Liverpool,Crystal Palace,0,1,1,1,1208396,39,,,,,,,,,,,
2024,2025-05-25,Southampton,Arsenal,0,1,1,2,1208400,39,,,,,,,,,,,
2024,2025-05-25,Tottenham,Brighton,1,0,1,4,1208401,39,,,,,,,,,,,
2024,2025-05-25,Ipswich,West Ham,0,1,1,3,1208395,39,,,,,,,,,,,
2024,2025-05-25,Nottingham Forest,Chelsea,0,0,0,1,1208399,39,,,,,,,,,,,
